query;category;old_url;new_url
к чему чешется левая ладонь;primety;/seo/k-chemu-cheshetsya-levaya-ladon.html;/primety/k-chemu-cheshetsya-levaya-ladon/
к чему чешется правая ладонь;primety;/seo/k-chemu-cheshetsya-pravaya-ladon.html;/primety/k-chemu-cheshetsya-pravaya-ladon/
к чему чешется нос;primety;/seo/k-chemu-cheshetsya-nos.html;/primety/k-chemu-cheshetsya-nos/
к чему чешется левый глаз;primety;/seo/k-chemu-cheshetsya-levyy-glaz.html;/primety/k-chemu-cheshetsya-levyy-glaz/
к чему чешется правый глаз;primety;/seo/k-chemu-cheshetsya-pravyy-glaz.html;/primety/k-chemu-cheshetsya-pravyy-glaz/
к чему чешется левое ухо;primety;/seo/k-chemu-cheshetsya-levoe-uho.html;/primety/k-chemu-cheshetsya-levoe-uho/
к чему чешется правое ухо;primety;/seo/k-chemu-cheshetsya-pravoe-uho.html;/primety/k-chemu-cheshetsya-pravoe-uho/
к чему чешется левая грудь;primety;/seo/k-chemu-cheshetsya-levaya-grud.html;/primety/k-chemu-cheshetsya-levaya-grud/
к чему чешется правая грудь;primety;/seo/k-chemu-cheshetsya-pravaya-grud.html;/primety/k-chemu-cheshetsya-pravaya-grud/
к чему чешется стопа;primety;/seo/k-chemu-cheshetsya-stopa.html;/primety/k-chemu-cheshetsya-stopa/
к чему чешется ступня;primety;/seo/k-chemu-cheshetsya-stupnya.html;/primety/k-chemu-cheshetsya-stupnya/
к чему чешется пятка;primety;/seo/k-chemu-cheshetsya-pyatka.html;/primety/k-chemu-cheshetsya-pyatka/
к чему чешется локоть;primety;/seo/k-chemu-cheshetsya-lokot.html;/primety/k-chemu-cheshetsya-lokot/
к чему чешется палец;primety;/seo/k-chemu-cheshetsya-palets.html;/primety/k-chemu-cheshetsya-palets/
к чему чешется безымянный палец;primety;/seo/k-chemu-cheshetsya-bezymyannyy-palets.html;/primety/k-chemu-cheshetsya-bezymyannyy-palets/
к чему чешется указательный палец;primety;/seo/k-chemu-cheshetsya-ukazatel-nyy-palets.html;/primety/k-chemu-cheshetsya-ukazatel-nyy-palets/
к чему чешется средний палец;primety;/seo/k-chemu-cheshetsya-sredniy-palets.html;/primety/k-chemu-cheshetsya-sredniy-palets/
к чему чешется мизинец;primety;/seo/k-chemu-cheshetsya-mizinets.html;/primety/k-chemu-cheshetsya-mizinets/
к чему чешется большой палец;primety;/seo/k-chemu-cheshetsya-bol-shoy-palets.html;/primety/k-chemu-cheshetsya-bol-shoy-palets/
к чему чешется запястье;primety;/seo/k-chemu-cheshetsya-zapyast-e.html;/primety/k-chemu-cheshetsya-zapyast-e/
к чему чешется подмышка;primety;/seo/k-chemu-cheshetsya-podmyshka.html;/primety/k-chemu-cheshetsya-podmyshka/
к чему чешется живот;primety;/seo/k-chemu-cheshetsya-zhivot.html;/primety/k-chemu-cheshetsya-zhivot/
к чему чешется спина;primety;/seo/k-chemu-cheshetsya-spina.html;/primety/k-chemu-cheshetsya-spina/
к чему чешется голова;zdorove;/seo/k-chemu-cheshetsya-golova.html;/zdorove/k-chemu-cheshetsya-golova/
к чему чешется шея;primety;/seo/k-chemu-cheshetsya-sheya.html;/primety/k-chemu-cheshetsya-sheya/
к чему чешется лицо;primety;/seo/k-chemu-cheshetsya-litso.html;/primety/k-chemu-cheshetsya-litso/
к чему чешется бровь;primety;/seo/k-chemu-cheshetsya-brov.html;/primety/k-chemu-cheshetsya-brov/
к чему чешется ресница;primety;/seo/k-chemu-cheshetsya-resnitsa.html;/primety/k-chemu-cheshetsya-resnitsa/
к чему чешется левая нога;primety;/seo/k-chemu-cheshetsya-levaya-noga.html;/primety/k-chemu-cheshetsya-levaya-noga/
к чему чешется правая нога;primety;/seo/k-chemu-cheshetsya-pravaya-noga.html;/primety/k-chemu-cheshetsya-pravaya-noga/
к чему чешется колено;primety;/seo/k-chemu-cheshetsya-koleno.html;/primety/k-chemu-cheshetsya-koleno/
к чему чешется левый глаз у женщины;otnosheniya;/seo/k-chemu-cheshetsya-levyy-glaz-u-zhenschiny.html;/otnosheniya/k-chemu-cheshetsya-levyy-glaz-u-zhenschiny/
к чему чешется правый глаз у женщины;otnosheniya;/seo/k-chemu-cheshetsya-pravyy-glaz-u-zhenschiny.html;/otnosheniya/k-chemu-cheshetsya-pravyy-glaz-u-zhenschiny/
к чему чешется нос у женщины;otnosheniya;/seo/k-chemu-cheshetsya-nos-u-zhenschiny.html;/otnosheniya/k-chemu-cheshetsya-nos-u-zhenschiny/
к чему чешется правая рука;primety;/seo/k-chemu-cheshetsya-pravaya-ruka.html;/primety/k-chemu-cheshetsya-pravaya-ruka/
к чему чешется левая рука;primety;/seo/k-chemu-cheshetsya-levaya-ruka.html;/primety/k-chemu-cheshetsya-levaya-ruka/
к чему чешется у женщины приметы;otnosheniya;/seo/k-chemu-cheshetsya-u-zhenschiny-primety.html;/otnosheniya/k-chemu-cheshetsya-u-zhenschiny-primety/
к чему чешутся брови;primety;/seo/k-chemu-cheshutsya-brovi.html;/primety/k-chemu-cheshutsya-brovi/
к чему чешутся уши;sovety;/seo/k-chemu-cheshutsya-ushi.html;/sovety/k-chemu-cheshutsya-ushi/
к чему чешутся ладони;primety;/seo/k-chemu-cheshutsya-ladoni.html;/primety/k-chemu-cheshutsya-ladoni/
к чему чешутся пальцы на руках;sovety;/seo/k-chemu-cheshutsya-pal-tsy-na-rukah.html;/sovety/k-chemu-cheshutsya-pal-tsy-na-rukah/
к чему чешутся глаза у женщины;otnosheniya;/seo/k-chemu-cheshutsya-glaza-u-zhenschiny.html;/otnosheniya/k-chemu-cheshutsya-glaza-u-zhenschiny/
к чему чешутся губы;primety;/seo/k-chemu-cheshutsya-guby.html;/primety/k-chemu-cheshutsya-guby/
к чему чешутся соски;sovety;/seo/k-chemu-cheshutsya-soski.html;/sovety/k-chemu-cheshutsya-soski/
к чему чешутся пятки;sovety;/seo/k-chemu-cheshutsya-pyatki.html;/sovety/k-chemu-cheshutsya-pyatki/
к чему чешутся ступни;sovety;/seo/k-chemu-cheshutsya-stupni.html;/sovety/k-chemu-cheshutsya-stupni/
к чему чешется левая пятка;primety;/seo/k-chemu-cheshetsya-levaya-pyatka.html;/primety/k-chemu-cheshetsya-levaya-pyatka/
к чему чешется правая пятка;primety;/seo/k-chemu-cheshetsya-pravaya-pyatka.html;/primety/k-chemu-cheshetsya-pravaya-pyatka/
к чему чешется затылок;primety;/seo/k-chemu-cheshetsya-zatylok.html;/primety/k-chemu-cheshetsya-zatylok/
примета если разбилась чашка;primety;/seo/primeta-esli-razbilas-chashka.html;/primety/primeta-esli-razbilas-chashka/
примета если разбилась тарелка;primety;/seo/primeta-esli-razbilas-tarelka.html;/primety/primeta-esli-razbilas-tarelka/
примета если разбился стакан;primety;/seo/primeta-esli-razbilsya-stakan.html;/primety/primeta-esli-razbilsya-stakan/
примета если упал нож;primety;/seo/primeta-esli-upal-nozh.html;/primety/primeta-esli-upal-nozh/
примета если рассыпалась соль;primety;/seo/primeta-esli-rassypalas-sol.html;/primety/primeta-esli-rassypalas-sol/
примета если рассыпался сахар;primety;/seo/primeta-esli-rassypalsya-sahar.html;/primety/primeta-esli-rassypalsya-sahar/
примета если потерялась вещь;primety;/seo/primeta-esli-poteryalas-vesch.html;/primety/primeta-esli-poteryalas-vesch/
примета если нашлась вещь;primety;/seo/primeta-esli-nashlas-vesch.html;/primety/primeta-esli-nashlas-vesch/
примета если треснуло зеркало;primety;/seo/primeta-esli-tresnulo-zerkalo.html;/primety/primeta-esli-tresnulo-zerkalo/
примета если разбилось зеркало;primety;/seo/primeta-esli-razbilos-zerkalo.html;/primety/primeta-esli-razbilos-zerkalo/
примета если упало кольцо;primety;/seo/primeta-esli-upalo-kol-tso.html;/primety/primeta-esli-upalo-kol-tso/
примета если скрипнула дверь;primety;/seo/primeta-esli-skripnula-dver.html;/primety/primeta-esli-skripnula-dver/
примета если зазвенела посуда;primety;/seo/primeta-esli-zazvenela-posuda.html;/primety/primeta-esli-zazvenela-posuda/
примета если упала вилка;primety;/seo/primeta-esli-upala-vilka.html;/primety/primeta-esli-upala-vilka/
примета если упала ложка;primety;/seo/primeta-esli-upala-lozhka.html;/primety/primeta-esli-upala-lozhka/
примета если чай остыл;primety;/seo/primeta-esli-chay-ostyl.html;/primety/primeta-esli-chay-ostyl/
примета если цветок засох;primety;/seo/primeta-esli-tsvetok-zasoh.html;/primety/primeta-esli-tsvetok-zasoh/
примета если одежда порвалась;primety;/seo/primeta-esli-odezhda-porvalas.html;/primety/primeta-esli-odezhda-porvalas/
примета если пересолила еду;primety;/seo/primeta-esli-peresolila-edu.html;/primety/primeta-esli-peresolila-edu/
примета если наступил в лужу;primety;/seo/primeta-esli-nastupil-v-luzhu.html;/primety/primeta-esli-nastupil-v-luzhu/
примета если споткнулся;primety;/seo/primeta-esli-spotknulsya.html;/primety/primeta-esli-spotknulsya/
примета если чихнул;primety;/seo/primeta-esli-chihnul.html;/primety/primeta-esli-chihnul/
примета если икота;primety;/seo/primeta-esli-ikota.html;/primety/primeta-esli-ikota/
примета если упал;primety;/seo/primeta-esli-upal.html;/primety/primeta-esli-upal/
примета если упала икона;primety;/seo/primeta-esli-upala-ikona.html;/primety/primeta-esli-upala-ikona/
примета если встретил чёрную кошку;primety;/seo/primeta-esli-vstretil-chernuyu-koshku.html;/primety/primeta-esli-vstretil-chernuyu-koshku/
примета если перебежала дорогу кошка;primety;/seo/primeta-esli-perebezhala-dorogu-koshka.html;/primety/primeta-esli-perebezhala-dorogu-koshka/
примета если собака воет;primety;/seo/primeta-esli-sobaka-voet.html;/primety/primeta-esli-sobaka-voet/
примета если птица залетела в дом;primety;/seo/primeta-esli-ptitsa-zaletela-v-dom.html;/primety/primeta-esli-ptitsa-zaletela-v-dom/
примета если стучит птица в окно;primety;/seo/primeta-esli-stuchit-ptitsa-v-okno.html;/primety/primeta-esli-stuchit-ptitsa-v-okno/
примета если ворона каркает;primety;/seo/primeta-esli-vorona-karkaet.html;/primety/primeta-esli-vorona-karkaet/
примета если сорока стрекочет;primety;/seo/primeta-esli-soroka-strekochet.html;/primety/primeta-esli-soroka-strekochet/
примета если синица залетела на балкон;primety;/seo/primeta-esli-sinitsa-zaletela-na-balkon.html;/primety/primeta-esli-sinitsa-zaletela-na-balkon/
примета если голубь сел на подоконник;primety;/seo/primeta-esli-golub-sel-na-podokonnik.html;/primety/primeta-esli-golub-sel-na-podokonnik/
примета если паук спустился на паутине;primety;/seo/primeta-esli-pauk-spustilsya-na-pautine.html;/primety/primeta-esli-pauk-spustilsya-na-pautine/
примета если божья коровка села на руку;primety;/seo/primeta-esli-bozh-ya-korovka-sela-na-ruku.html;/primety/primeta-esli-bozh-ya-korovka-sela-na-ruku/
примета если паук в доме;primety;/seo/primeta-esli-pauk-v-dome.html;/primety/primeta-esli-pauk-v-dome/
примета если бабочка залетела в дом;primety;/seo/primeta-esli-babochka-zaletela-v-dom.html;/primety/primeta-esli-babochka-zaletela-v-dom/
примета если ласточка залетела в дом;primety;/seo/primeta-esli-lastochka-zaletela-v-dom.html;/primety/primeta-esli-lastochka-zaletela-v-dom/
примета если воробей залетел в дом;primety;/seo/primeta-esli-vorobey-zaletel-v-dom.html;/primety/primeta-esli-vorobey-zaletel-v-dom/
примета если летучая мышь в доме;primety;/seo/primeta-esli-letuchaya-mysh-v-dome.html;/primety/primeta-esli-letuchaya-mysh-v-dome/
примета если синица залетела в окно;primety;/seo/primeta-esli-sinitsa-zaletela-v-okno.html;/primety/primeta-esli-sinitsa-zaletela-v-okno/
примета если голубь на окне;primety;/seo/primeta-esli-golub-na-okne.html;/primety/primeta-esli-golub-na-okne/
примета если сорока прилетела;primety;/seo/primeta-esli-soroka-priletela.html;/primety/primeta-esli-soroka-priletela/
примета если ворона залетела;primety;/seo/primeta-esli-vorona-zaletela.html;/primety/primeta-esli-vorona-zaletela/
примета если паук спускается;primety;/seo/primeta-esli-pauk-spuskaetsya.html;/primety/primeta-esli-pauk-spuskaetsya/
примета если пошёл дождь;primety;/seo/primeta-esli-poshel-dozhd.html;/primety/primeta-esli-poshel-dozhd/
примета если пошёл снег;primety;/seo/primeta-esli-poshel-sneg.html;/primety/primeta-esli-poshel-sneg/
примета если радуга;primety;/seo/primeta-esli-raduga.html;/primety/primeta-esli-raduga/
примета если туман;primety;/seo/primeta-esli-tuman.html;/primety/primeta-esli-tuman/
примета если ветер;primety;/seo/primeta-esli-veter.html;/primety/primeta-esli-veter/
примета если гром;primety;/seo/primeta-esli-grom.html;/primety/primeta-esli-grom/
примета если молния;primety;/seo/primeta-esli-molniya.html;/primety/primeta-esli-molniya/
примета если полнолуние;primety;/seo/primeta-esli-polnolunie.html;/primety/primeta-esli-polnolunie/
примета если новолуние;primety;/seo/primeta-esli-novolunie.html;/primety/primeta-esli-novolunie/
примета если звездопад;primety;/seo/primeta-esli-zvezdopad.html;/primety/primeta-esli-zvezdopad/
примета перед дорогой;primety;/seo/primeta-pered-dorogoy.html;/primety/primeta-pered-dorogoy/
примета перед экзаменом;primety;/seo/primeta-pered-ekzamenom.html;/primety/primeta-pered-ekzamenom/
примета перед свадьбой;otnosheniya;/seo/primeta-pered-svad-boy.html;/otnosheniya/primeta-pered-svad-boy/
примета на деньги;dengi;/seo/primeta-na-den-gi.html;/dengi/primeta-na-den-gi/
примета на любовь;otnosheniya;/seo/primeta-na-lyubov.html;/otnosheniya/primeta-na-lyubov/
примета на удачу;primety;/seo/primeta-na-udachu.html;/primety/primeta-na-udachu/
примета на здоровье;zdorove;/seo/primeta-na-zdorov-e.html;/zdorove/primeta-na-zdorov-e/
примета на богатство;dengi;/seo/primeta-na-bogatstvo.html;/dengi/primeta-na-bogatstvo/
деньги на улице примета;dengi;/seo/den-gi-na-ulitse-primeta.html;/dengi/den-gi-na-ulitse-primeta/
приметы на найденные деньги;dengi;/seo/primety-na-naydennye-den-gi.html;/dengi/primety-na-naydennye-den-gi/
найти бумажные деньги на улице примета;dengi;/seo/nayti-bumazhnye-den-gi-na-ulitse-primeta.html;/dengi/nayti-bumazhnye-den-gi-na-ulitse-primeta/
какие приметы на деньги;dengi;/seo/kakie-primety-na-den-gi.html;/dengi/kakie-primety-na-den-gi/
деньги на ночь примета;dengi;/seo/den-gi-na-noch-primeta.html;/dengi/den-gi-na-noch-primeta/
нашла деньги на улице что делать приметы;dengi;/seo/nashla-den-gi-na-ulitse-chto-delat-primety.html;/dengi/nashla-den-gi-na-ulitse-chto-delat-primety/
приметы на привлечение денег;primety;/seo/primety-na-privlechenie-deneg.html;/primety/primety-na-privlechenie-deneg/
приметы на счет денег;primety;/seo/primety-na-schet-deneg.html;/primety/primety-na-schet-deneg/
приметы на деньги по дням;dengi;/seo/primety-na-den-gi-po-dnyam.html;/dengi/primety-na-den-gi-po-dnyam/
примета класть деньги на стол;dengi;/seo/primeta-klast-den-gi-na-stol.html;/dengi/primeta-klast-den-gi-na-stol/
считать деньги на ночь примета;dengi;/seo/schitat-den-gi-na-noch-primeta.html;/dengi/schitat-den-gi-na-noch-primeta/
приметы на возврат денег;primety;/seo/primety-na-vozvrat-deneg.html;/primety/primety-na-vozvrat-deneg/
деньги под скатертью на столе примета;dengi;/seo/den-gi-pod-skatert-yu-na-stole-primeta.html;/dengi/den-gi-pod-skatert-yu-na-stole-primeta/
примета на деньги кошелек;dengi;/seo/primeta-na-den-gi-koshelek.html;/dengi/primeta-na-den-gi-koshelek/
приметы на деньги в долг;dengi;/seo/primety-na-den-gi-v-dolg.html;/dengi/primety-na-den-gi-v-dolg/
приметы на деньги как привлечь;dengi;/seo/primety-na-den-gi-kak-privlech.html;/dengi/primety-na-den-gi-kak-privlech/
приметы на большие деньги;dengi;/seo/primety-na-bol-shie-den-gi.html;/dengi/primety-na-bol-shie-den-gi/
красный трусы на люстре примета к деньгам;dengi;/seo/krasnyy-trusy-na-lyustre-primeta-k-den-gam.html;/dengi/krasnyy-trusy-na-lyustre-primeta-k-den-gam/
приметы на богатство и деньги в доме;dengi;/seo/primety-na-bogatstvo-i-den-gi-v-dome.html;/dengi/primety-na-bogatstvo-i-den-gi-v-dome/
приметы на неделю когда можно отдавать деньги;dengi;/seo/primety-na-nedelyu-kogda-mozhno-otdavat-den-gi.html;/dengi/primety-na-nedelyu-kogda-mozhno-otdavat-den-gi/
плохая примета ли сдавать деньги на ночь;dengi;/seo/plohaya-primeta-li-sdavat-den-gi-na-noch.html;/dengi/plohaya-primeta-li-sdavat-den-gi-na-noch/
приметы на удачу на экзамене;primety;/seo/primety-na-udachu-na-ekzamene.html;/primety/primety-na-udachu-na-ekzamene/
приметы перед экзаменом на удачу;primety;/seo/primety-pered-ekzamenom-na-udachu.html;/primety/primety-pered-ekzamenom-na-udachu/
приметы перед экзаменом на удачу студенту;primety;/seo/primety-pered-ekzamenom-na-udachu-studentu.html;/primety/primety-pered-ekzamenom-na-udachu-studentu/
какие приметы на удачу на экзамене;primety;/seo/kakie-primety-na-udachu-na-ekzamene.html;/primety/kakie-primety-na-udachu-na-ekzamene/
удачи на егэ приметы;primety;/seo/udachi-na-ege-primety.html;/primety/udachi-na-ege-primety/
приметы на удачу на экзамене огэ;primety;/seo/primety-na-udachu-na-ekzamene-oge.html;/primety/primety-na-udachu-na-ekzamene-oge/
приметы на удачу в школу;otnosheniya;/seo/primety-na-udachu-v-shkolu.html;/otnosheniya/primety-na-udachu-v-shkolu/
приметы перед экзаменом на удачу в школе;otnosheniya;/seo/primety-pered-ekzamenom-na-udachu-v-shkole.html;/otnosheniya/primety-pered-ekzamenom-na-udachu-v-shkole/
приметы на удачу на экзамене в колледже;primety;/seo/primety-na-udachu-na-ekzamene-v-kolledzhe.html;/primety/primety-na-udachu-na-ekzamene-v-kolledzhe/
приметы на удачу на экзамене егэ;primety;/seo/primety-na-udachu-na-ekzamene-ege.html;/primety/primety-na-udachu-na-ekzamene-ege/
приметы на удачу перед егэ;primety;/seo/primety-na-udachu-pered-ege.html;/primety/primety-na-udachu-pered-ege/
приметы перед экзаменом на удачу егэ;primety;/seo/primety-pered-ekzamenom-na-udachu-ege.html;/primety/primety-pered-ekzamenom-na-udachu-ege/
приметы перед экзаменом на удачу огэ;primety;/seo/primety-pered-ekzamenom-na-udachu-oge.html;/primety/primety-pered-ekzamenom-na-udachu-oge/
удачи на работе приметы;dengi;/seo/udachi-na-rabote-primety.html;/dengi/udachi-na-rabote-primety/
приметы перед экзаменом на удачу студенту медику;primety;/seo/primety-pered-ekzamenom-na-udachu-studentu-mediku.html;/primety/primety-pered-ekzamenom-na-udachu-studentu-mediku/
приметы перед экзаменом на удачу в гибдд;primety;/seo/primety-pered-ekzamenom-na-udachu-v-gibdd.html;/primety/primety-pered-ekzamenom-na-udachu-v-gibdd/
приметы на удачу на экзамене по вождению;primety;/seo/primety-na-udachu-na-ekzamene-po-vozhdeniyu.html;/primety/primety-na-udachu-na-ekzamene-po-vozhdeniyu/
приметы на удачу на соревнованиях;primety;/seo/primety-na-udachu-na-sorevnovaniyah.html;/primety/primety-na-udachu-na-sorevnovaniyah/
приметы на удачу на впр;primety;/seo/primety-na-udachu-na-vpr.html;/primety/primety-na-udachu-na-vpr/
приметы что положить в обувь на удачу;primety;/seo/primety-chto-polozhit-v-obuv-na-udachu.html;/primety/primety-chto-polozhit-v-obuv-na-udachu/
приметы перед соревнованиями на удачу;primety;/seo/primety-pered-sorevnovaniyami-na-udachu.html;/primety/primety-pered-sorevnovaniyami-na-udachu/
приметы на удачу перед защитой диплома;primety;/seo/primety-na-udachu-pered-zaschitoy-diploma.html;/primety/primety-na-udachu-pered-zaschitoy-diploma/
по приметам дождь на удачу;primety;/seo/po-primetam-dozhd-na-udachu.html;/primety/po-primetam-dozhd-na-udachu/
упало перо птицы с неба примета;primety;/seo/upalo-pero-ptitsy-s-neba-primeta.html;/primety/upalo-pero-ptitsy-s-neba-primeta/
приметы с пером птицы;primety;/seo/primety-s-perom-ptitsy.html;/primety/primety-s-perom-ptitsy/
посуда с трещиной примета;primety;/seo/posuda-s-treschinoy-primeta.html;/primety/posuda-s-treschinoy-primeta/
к чему снится бывший муж;sny;/seo/k-chemu-snitsya-byvshiy-muzh.html;/sny/k-chemu-snitsya-byvshiy-muzh/
к чему снится покойник;sny;/seo/k-chemu-snitsya-pokoynik.html;/sny/k-chemu-snitsya-pokoynik/
к чему снится умерший человек;sny;/seo/k-chemu-snitsya-umershiy-chelovek.html;/sny/k-chemu-snitsya-umershiy-chelovek/
к чему снится умершая мама;sny;/seo/k-chemu-snitsya-umershaya-mama.html;/sny/k-chemu-snitsya-umershaya-mama/
к чему снится умерший отец;sny;/seo/k-chemu-snitsya-umershiy-otets.html;/sny/k-chemu-snitsya-umershiy-otets/
к чему снится ребёнок;sny;/seo/k-chemu-snitsya-rebenok.html;/sny/k-chemu-snitsya-rebenok/
к чему снится сын;sny;/seo/k-chemu-snitsya-syn.html;/sny/k-chemu-snitsya-syn/
к чему снится дочь;sny;/seo/k-chemu-snitsya-doch.html;/sny/k-chemu-snitsya-doch/
к чему снится беременность;sny;/seo/k-chemu-snitsya-beremennost.html;/sny/k-chemu-snitsya-beremennost/
к чему снится роды;sny;/seo/k-chemu-snitsya-rody.html;/sny/k-chemu-snitsya-rody/
к чему снится младенец;sny;/seo/k-chemu-snitsya-mladenets.html;/sny/k-chemu-snitsya-mladenets/
к чему снится свадьба;sny;/seo/k-chemu-snitsya-svad-ba.html;/sny/k-chemu-snitsya-svad-ba/
к чему снится измена;sny;/seo/k-chemu-snitsya-izmena.html;/sny/k-chemu-snitsya-izmena/
к чему снится любовник;sny;/seo/k-chemu-snitsya-lyubovnik.html;/sny/k-chemu-snitsya-lyubovnik/
к чему снится подруга;sny;/seo/k-chemu-snitsya-podruga.html;/sny/k-chemu-snitsya-podruga/
к чему снится враг;sny;/seo/k-chemu-snitsya-vrag.html;/sny/k-chemu-snitsya-vrag/
к чему снится начальник;sny;/seo/k-chemu-snitsya-nachal-nik.html;/sny/k-chemu-snitsya-nachal-nik/
к чему снится коллега;sny;/seo/k-chemu-snitsya-kollega.html;/sny/k-chemu-snitsya-kollega/
к чему снится смерть;sny;/seo/k-chemu-snitsya-smert.html;/sny/k-chemu-snitsya-smert/
к чему снится похороны;sny;/seo/k-chemu-snitsya-pohorony.html;/sny/k-chemu-snitsya-pohorony/
к чему снится кладбище;sny;/seo/k-chemu-snitsya-kladbische.html;/sny/k-chemu-snitsya-kladbische/
к чему снится могила;sny;/seo/k-chemu-snitsya-mogila.html;/sny/k-chemu-snitsya-mogila/
к чему снится крест;sny;/seo/k-chemu-snitsya-krest.html;/sny/k-chemu-snitsya-krest/
к чему снится кровь;sny;/seo/k-chemu-snitsya-krov.html;/sny/k-chemu-snitsya-krov/
к чему снится авария;sny;/seo/k-chemu-snitsya-avariya.html;/sny/k-chemu-snitsya-avariya/
к чему снится пожар;sny;/seo/k-chemu-snitsya-pozhar.html;/sny/k-chemu-snitsya-pozhar/
к чему снится наводнение;sny;/seo/k-chemu-snitsya-navodnenie.html;/sny/k-chemu-snitsya-navodnenie/
к чему снится землетрясение;sny;/seo/k-chemu-snitsya-zemletryasenie.html;/sny/k-chemu-snitsya-zemletryasenie/
к чему снится война;sny;/seo/k-chemu-snitsya-voyna.html;/sny/k-chemu-snitsya-voyna/
к чему снится кошка;sny;/seo/k-chemu-snitsya-koshka.html;/sny/k-chemu-snitsya-koshka/
к чему снится собака;sny;/seo/k-chemu-snitsya-sobaka.html;/sny/k-chemu-snitsya-sobaka/
к чему снится птица;sny;/seo/k-chemu-snitsya-ptitsa.html;/sny/k-chemu-snitsya-ptitsa/
к чему снится змея;sny;/seo/k-chemu-snitsya-zmeya.html;/sny/k-chemu-snitsya-zmeya/
к чему снится паук;sny;/seo/k-chemu-snitsya-pauk.html;/sny/k-chemu-snitsya-pauk/
к чему снится медведь;sny;/seo/k-chemu-snitsya-medved.html;/sny/k-chemu-snitsya-medved/
к чему снится волк;sny;/seo/k-chemu-snitsya-volk.html;/sny/k-chemu-snitsya-volk/
к чему снится лиса;sny;/seo/k-chemu-snitsya-lisa.html;/sny/k-chemu-snitsya-lisa/
к чему снится заяц;sny;/seo/k-chemu-snitsya-zayats.html;/sny/k-chemu-snitsya-zayats/
к чему снится мышь;sny;/seo/k-chemu-snitsya-mysh.html;/sny/k-chemu-snitsya-mysh/
к чему снится рыба;sny;/seo/k-chemu-snitsya-ryba.html;/sny/k-chemu-snitsya-ryba/
к чему снится тигр;sny;/seo/k-chemu-snitsya-tigr.html;/sny/k-chemu-snitsya-tigr/
к чему снится лошадь;sny;/seo/k-chemu-snitsya-loshad.html;/sny/k-chemu-snitsya-loshad/
к чему снится золото;sny;/seo/k-chemu-snitsya-zoloto.html;/sny/k-chemu-snitsya-zoloto/
к чему снится серебро;sny;/seo/k-chemu-snitsya-serebro.html;/sny/k-chemu-snitsya-serebro/
к чему снится драгоценности;sny;/seo/k-chemu-snitsya-dragotsennosti.html;/sny/k-chemu-snitsya-dragotsennosti/
к чему снится кольцо;sny;/seo/k-chemu-snitsya-kol-tso.html;/sny/k-chemu-snitsya-kol-tso/
к чему снится цепочка;sny;/seo/k-chemu-snitsya-tsepochka.html;/sny/k-chemu-snitsya-tsepochka/
к чему снится деньги;sny;/seo/k-chemu-snitsya-den-gi.html;/sny/k-chemu-snitsya-den-gi/
к чему снится монета;sny;/seo/k-chemu-snitsya-moneta.html;/sny/k-chemu-snitsya-moneta/
к чему снится клад;sny;/seo/k-chemu-snitsya-klad.html;/sny/k-chemu-snitsya-klad/
к чему снится потеря;sny;/seo/k-chemu-snitsya-poterya.html;/sny/k-chemu-snitsya-poterya/
к чему снится находка;sny;/seo/k-chemu-snitsya-nahodka.html;/sny/k-chemu-snitsya-nahodka/
к чему снится подарок;sny;/seo/k-chemu-snitsya-podarok.html;/sny/k-chemu-snitsya-podarok/
к чему снится разбитая посуда;sny;/seo/k-chemu-snitsya-razbitaya-posuda.html;/sny/k-chemu-snitsya-razbitaya-posuda/
к чему снится зеркало;sny;/seo/k-chemu-snitsya-zerkalo.html;/sny/k-chemu-snitsya-zerkalo/
к чему снится часы;sny;/seo/k-chemu-snitsya-chasy.html;/sny/k-chemu-snitsya-chasy/
к чему снится радость;sny;/seo/k-chemu-snitsya-radost.html;/sny/k-chemu-snitsya-radost/
к чему снится счастье;sny;/seo/k-chemu-snitsya-schast-e.html;/sny/k-chemu-snitsya-schast-e/
к чему снится удача;sny;/seo/k-chemu-snitsya-udacha.html;/sny/k-chemu-snitsya-udacha/
к чему снится любовь;sny;/seo/k-chemu-snitsya-lyubov.html;/sny/k-chemu-snitsya-lyubov/
к чему снится ссора;sny;/seo/k-chemu-snitsya-ssora.html;/sny/k-chemu-snitsya-ssora/
к чему снится прощение;sny;/seo/k-chemu-snitsya-proschenie.html;/sny/k-chemu-snitsya-proschenie/
к чему снится обида;sny;/seo/k-chemu-snitsya-obida.html;/sny/k-chemu-snitsya-obida/
к чему снится страх;sny;/seo/k-chemu-snitsya-strah.html;/sny/k-chemu-snitsya-strah/
к чему снится тревога;sny;/seo/k-chemu-snitsya-trevoga.html;/sny/k-chemu-snitsya-trevoga/
к чему снится надежда;sny;/seo/k-chemu-snitsya-nadezhda.html;/sny/k-chemu-snitsya-nadezhda/
к чему снится вера;sny;/seo/k-chemu-snitsya-vera.html;/sny/k-chemu-snitsya-vera/
к чему снится кошмар;sny;/seo/k-chemu-snitsya-koshmar.html;/sny/k-chemu-snitsya-koshmar/
к чему снится вещий сон;sny;/seo/k-chemu-snitsya-veschiy-son.html;/sny/k-chemu-snitsya-veschiy-son/
к чему снится муж;sny;/seo/k-chemu-snitsya-muzh.html;/sny/k-chemu-snitsya-muzh/
к чему снится женщина;sny;/seo/k-chemu-snitsya-zhenschina.html;/sny/k-chemu-snitsya-zhenschina/
к чему снится мужчина;sny;/seo/k-chemu-snitsya-muzhchina.html;/sny/k-chemu-snitsya-muzhchina/
к чему снится человек;sny;/seo/k-chemu-snitsya-chelovek.html;/sny/k-chemu-snitsya-chelovek/
к чему снится змея женщине;sny;/seo/k-chemu-snitsya-zmeya-zhenschine.html;/sny/k-chemu-snitsya-zmeya-zhenschine/
к чему снится крыса женщине;sny;/seo/k-chemu-snitsya-krysa-zhenschine.html;/sny/k-chemu-snitsya-krysa-zhenschine/
к чему снится тараканы женщине;sny;/seo/k-chemu-snitsya-tarakany-zhenschine.html;/sny/k-chemu-snitsya-tarakany-zhenschine/
к чему снится пауки женщине;sny;/seo/k-chemu-snitsya-pauki-zhenschine.html;/sny/k-chemu-snitsya-pauki-zhenschine/
к чему снится мыши женщине;sny;/seo/k-chemu-snitsya-myshi-zhenschine.html;/sny/k-chemu-snitsya-myshi-zhenschine/
к чему снится много;sny;/seo/k-chemu-snitsya-mnogo.html;/sny/k-chemu-snitsya-mnogo/
как помириться с мужем;otnosheniya;/seo/kak-pomirit-sya-s-muzhem.html;/otnosheniya/kak-pomirit-sya-s-muzhem/
как наладить отношения с мужем;otnosheniya;/seo/kak-naladit-otnosheniya-s-muzhem.html;/otnosheniya/kak-naladit-otnosheniya-s-muzhem/
как вернуть мужа;otnosheniya;/seo/kak-vernut-muzha.html;/otnosheniya/kak-vernut-muzha/
как пережить развод;otnosheniya;/seo/kak-perezhit-razvod.html;/otnosheniya/kak-perezhit-razvod/
как пережить расставание;sovety;/seo/kak-perezhit-rasstavanie.html;/sovety/kak-perezhit-rasstavanie/
стоит ли разводиться;otnosheniya;/seo/stoit-li-razvodit-sya.html;/otnosheniya/stoit-li-razvodit-sya/
стоит ли сохранять брак;otnosheniya;/seo/stoit-li-sohranyat-brak.html;/otnosheniya/stoit-li-sohranyat-brak/
как простить измену;otnosheniya;/seo/kak-prostit-izmenu.html;/otnosheniya/kak-prostit-izmenu/
как понять, что муж изменяет;otnosheniya;/seo/kak-ponyat-chto-muzh-izmenyaet.html;/otnosheniya/kak-ponyat-chto-muzh-izmenyaet/
как сказать мужу о разводе;otnosheniya;/seo/kak-skazat-muzhu-o-razvode.html;/otnosheniya/kak-skazat-muzhu-o-razvode/
как укрепить брак;otnosheniya;/seo/kak-ukrepit-brak.html;/otnosheniya/kak-ukrepit-brak/
как вернуть любовь;otnosheniya;/seo/kak-vernut-lyubov.html;/otnosheniya/kak-vernut-lyubov/
как пережить предательство;sovety;/seo/kak-perezhit-predatel-stvo.html;/sovety/kak-perezhit-predatel-stvo/
как наладить отношения с подростком;otnosheniya;/seo/kak-naladit-otnosheniya-s-podrostkom.html;/otnosheniya/kak-naladit-otnosheniya-s-podrostkom/
как найти общий язык с дочерью;otnosheniya;/seo/kak-nayti-obschiy-yazyk-s-docher-yu.html;/otnosheniya/kak-nayti-obschiy-yazyk-s-docher-yu/
как найти общий язык с сыном;otnosheniya;/seo/kak-nayti-obschiy-yazyk-s-synom.html;/otnosheniya/kak-nayti-obschiy-yazyk-s-synom/
как подружиться со свекровью;otnosheniya;/seo/kak-podruzhit-sya-so-svekrov-yu.html;/otnosheniya/kak-podruzhit-sya-so-svekrov-yu/
как наладить отношения с родителями;otnosheniya;/seo/kak-naladit-otnosheniya-s-roditelyami.html;/otnosheniya/kak-naladit-otnosheniya-s-roditelyami/
как простить родителей;sovety;/seo/kak-prostit-roditeley.html;/sovety/kak-prostit-roditeley/
как справиться с одиночеством;sovety;/seo/kak-spravit-sya-s-odinochestvom.html;/sovety/kak-spravit-sya-s-odinochestvom/
как найти вторую половинку;otnosheniya;/seo/kak-nayti-vtoruyu-polovinku.html;/otnosheniya/kak-nayti-vtoruyu-polovinku/
как понять, что это твой человек;sovety;/seo/kak-ponyat-chto-eto-tvoy-chelovek.html;/sovety/kak-ponyat-chto-eto-tvoy-chelovek/
как сделать первый шаг;sovety;/seo/kak-sdelat-pervyy-shag.html;/sovety/kak-sdelat-pervyy-shag/
как признаться в любви;sovety;/seo/kak-priznat-sya-v-lyubvi.html;/sovety/kak-priznat-sya-v-lyubvi/
как пережить первую любовь;otnosheniya;/seo/kak-perezhit-pervuyu-lyubov.html;/otnosheniya/kak-perezhit-pervuyu-lyubov/
как разлюбить человека;sovety;/seo/kak-razlyubit-cheloveka.html;/sovety/kak-razlyubit-cheloveka/
как забыть человека;sovety;/seo/kak-zabyt-cheloveka.html;/sovety/kak-zabyt-cheloveka/
как перестать ревновать;sovety;/seo/kak-perestat-revnovat.html;/sovety/kak-perestat-revnovat/
как вернуть доверие;sovety;/seo/kak-vernut-doverie.html;/sovety/kak-vernut-doverie/
как укрепить доверие;sovety;/seo/kak-ukrepit-doverie.html;/sovety/kak-ukrepit-doverie/
как наладить общение в семье;otnosheniya;/seo/kak-naladit-obschenie-v-sem-e.html;/otnosheniya/kak-naladit-obschenie-v-sem-e/
как избежать ссор;otnosheniya;/seo/kak-izbezhat-ssor.html;/otnosheniya/kak-izbezhat-ssor/
как мириться после ссоры;otnosheniya;/seo/kak-mirit-sya-posle-ssory.html;/otnosheniya/kak-mirit-sya-posle-ssory/
как просить прощения;sovety;/seo/kak-prosit-proscheniya.html;/sovety/kak-prosit-proscheniya/
как прощать обиды;sovety;/seo/kak-proschat-obidy.html;/sovety/kak-proschat-obidy/
как не держать зла;sovety;/seo/kak-ne-derzhat-zla.html;/sovety/kak-ne-derzhat-zla/
как сохранить романтику в браке;otnosheniya;/seo/kak-sohranit-romantiku-v-brake.html;/otnosheniya/kak-sohranit-romantiku-v-brake/
как пережить кризис в отношениях;otnosheniya;/seo/kak-perezhit-krizis-v-otnosheniyah.html;/otnosheniya/kak-perezhit-krizis-v-otnosheniyah/
как восстановить отношения;otnosheniya;/seo/kak-vosstanovit-otnosheniya.html;/otnosheniya/kak-vosstanovit-otnosheniya/
как полюбить себя;sovety;/seo/kak-polyubit-sebya.html;/sovety/kak-polyubit-sebya/
как поднять самооценку;sovety;/seo/kak-podnyat-samootsenku.html;/sovety/kak-podnyat-samootsenku/
как принять себя;sovety;/seo/kak-prinyat-sebya.html;/sovety/kak-prinyat-sebya/
как радоваться жизни;sovety;/seo/kak-radovat-sya-zhizni.html;/sovety/kak-radovat-sya-zhizni/
как вернуть радость;sovety;/seo/kak-vernut-radost.html;/sovety/kak-vernut-radost/
как быть счастливой;sovety;/seo/kak-byt-schastlivoy.html;/sovety/kak-byt-schastlivoy/
как жить в гармонии с собой;sovety;/seo/kak-zhit-v-garmonii-s-soboy.html;/sovety/kak-zhit-v-garmonii-s-soboy/
как помириться после ссоры;otnosheniya;/seo/kak-pomirit-sya-posle-ssory.html;/otnosheniya/kak-pomirit-sya-posle-ssory/
как помириться с подругой;otnosheniya;/seo/kak-pomirit-sya-s-podrugoy.html;/otnosheniya/kak-pomirit-sya-s-podrugoy/
как помириться с мужчиной;otnosheniya;/seo/kak-pomirit-sya-s-muzhchinoy.html;/otnosheniya/kak-pomirit-sya-s-muzhchinoy/
как помириться с другом;otnosheniya;/seo/kak-pomirit-sya-s-drugom.html;/otnosheniya/kak-pomirit-sya-s-drugom/
как помириться с парнем;otnosheniya;/seo/kak-pomirit-sya-s-parnem.html;/otnosheniya/kak-pomirit-sya-s-parnem/
как помириться с мамой;otnosheniya;/seo/kak-pomirit-sya-s-mamoy.html;/otnosheniya/kak-pomirit-sya-s-mamoy/
как наладить отношения с мужем после ссоры;otnosheniya;/seo/kak-naladit-otnosheniya-s-muzhem-posle-ssory.html;/otnosheniya/kak-naladit-otnosheniya-s-muzhem-posle-ssory/
как вернуть мужа после развода;otnosheniya;/seo/kak-vernut-muzha-posle-razvoda.html;/otnosheniya/kak-vernut-muzha-posle-razvoda/
как пережить измену мужа;otnosheniya;/seo/kak-perezhit-izmenu-muzha.html;/otnosheniya/kak-perezhit-izmenu-muzha/
как простить мужа за измену;otnosheniya;/seo/kak-prostit-muzha-za-izmenu.html;/otnosheniya/kak-prostit-muzha-za-izmenu/
как укрепить отношения;otnosheniya;/seo/kak-ukrepit-otnosheniya.html;/otnosheniya/kak-ukrepit-otnosheniya/
как улучшить отношения;otnosheniya;/seo/kak-uluchshit-otnosheniya.html;/otnosheniya/kak-uluchshit-otnosheniya/
как наладить контакт с мужем;otnosheniya;/seo/kak-naladit-kontakt-s-muzhem.html;/otnosheniya/kak-naladit-kontakt-s-muzhem/
как понять, что мужчина любит;otnosheniya;/seo/kak-ponyat-chto-muzhchina-lyubit.html;/otnosheniya/kak-ponyat-chto-muzhchina-lyubit/
ребёнок не слушается;otnosheniya;/seo/rebenok-ne-slushaetsya.html;/otnosheniya/rebenok-ne-slushaetsya/
как наказать ребёнка;otnosheniya;/seo/kak-nakazat-rebenka.html;/otnosheniya/kak-nakazat-rebenka/
как воспитать ребёнка;otnosheniya;/seo/kak-vospitat-rebenka.html;/otnosheniya/kak-vospitat-rebenka/
как наладить контакт с подростком;otnosheniya;/seo/kak-naladit-kontakt-s-podrostkom.html;/otnosheniya/kak-naladit-kontakt-s-podrostkom/
ребёнок плохо учится;otnosheniya;/seo/rebenok-ploho-uchitsya.html;/otnosheniya/rebenok-ploho-uchitsya/
как помочь ребёнку с уроками;otnosheniya;/seo/kak-pomoch-rebenku-s-urokami.html;/otnosheniya/kak-pomoch-rebenku-s-urokami/
ребёнок агрессивен;otnosheniya;/seo/rebenok-agressiven.html;/otnosheniya/rebenok-agressiven/
ребёнок плачет;otnosheniya;/seo/rebenok-plachet.html;/otnosheniya/rebenok-plachet/
ребёнок истерит;otnosheniya;/seo/rebenok-isterit.html;/otnosheniya/rebenok-isterit/
как успокоить ребёнка;otnosheniya;/seo/kak-uspokoit-rebenka.html;/otnosheniya/kak-uspokoit-rebenka/
как объяснить ребёнку;otnosheniya;/seo/kak-ob-yasnit-rebenku.html;/otnosheniya/kak-ob-yasnit-rebenku/
как развивать ребёнка;otnosheniya;/seo/kak-razvivat-rebenka.html;/otnosheniya/kak-razvivat-rebenka/
как занять ребёнка;otnosheniya;/seo/kak-zanyat-rebenka.html;/otnosheniya/kak-zanyat-rebenka/
ребёнок ворует;otnosheniya;/seo/rebenok-voruet.html;/otnosheniya/rebenok-voruet/
ребёнок обманывает;otnosheniya;/seo/rebenok-obmanyvaet.html;/otnosheniya/rebenok-obmanyvaet/
ребёнок боится;otnosheniya;/seo/rebenok-boitsya.html;/otnosheniya/rebenok-boitsya/
ребёнок не говорит;otnosheniya;/seo/rebenok-ne-govorit.html;/otnosheniya/rebenok-ne-govorit/
ребёнок плохо ест;otnosheniya;/seo/rebenok-ploho-est.html;/otnosheniya/rebenok-ploho-est/
ребёнок не спит;otnosheniya;/seo/rebenok-ne-spit.html;/otnosheniya/rebenok-ne-spit/
как приучить ребёнка к горшку;otnosheniya;/seo/kak-priuchit-rebenka-k-gorshku.html;/otnosheniya/kak-priuchit-rebenka-k-gorshku/
как подготовить ребёнка к школе;otnosheniya;/seo/kak-podgotovit-rebenka-k-shkole.html;/otnosheniya/kak-podgotovit-rebenka-k-shkole/
как адаптировать ребёнка в школе;otnosheniya;/seo/kak-adaptirovat-rebenka-v-shkole.html;/otnosheniya/kak-adaptirovat-rebenka-v-shkole/
ребёнок не хочет идти в школу;otnosheniya;/seo/rebenok-ne-hochet-idti-v-shkolu.html;/otnosheniya/rebenok-ne-hochet-idti-v-shkolu/
ребёнок боится учителя;otnosheniya;/seo/rebenok-boitsya-uchitelya.html;/otnosheniya/rebenok-boitsya-uchitelya/
ребёнок не дружит с одноклассниками;otnosheniya;/seo/rebenok-ne-druzhit-s-odnoklassnikami.html;/otnosheniya/rebenok-ne-druzhit-s-odnoklassnikami/
как научить ребёнка дружить;otnosheniya;/seo/kak-nauchit-rebenka-druzhit.html;/otnosheniya/kak-nauchit-rebenka-druzhit/
как научить ребёнка защищаться;otnosheniya;/seo/kak-nauchit-rebenka-zaschischat-sya.html;/otnosheniya/kak-nauchit-rebenka-zaschischat-sya/
как справиться с детскими страхами;otnosheniya;/seo/kak-spravit-sya-s-detskimi-strahami.html;/otnosheniya/kak-spravit-sya-s-detskimi-strahami/
как укрепить иммунитет ребёнка;zdorove;/seo/kak-ukrepit-immunitet-rebenka.html;/zdorove/kak-ukrepit-immunitet-rebenka/
как лечить простуду у ребёнка;zdorove;/seo/kak-lechit-prostudu-u-rebenka.html;/zdorove/kak-lechit-prostudu-u-rebenka/
как наказать ребёнка за враньё;otnosheniya;/seo/kak-nakazat-rebenka-za-vran-e.html;/otnosheniya/kak-nakazat-rebenka-za-vran-e/
как наказать ребёнка за плохое поведение;otnosheniya;/seo/kak-nakazat-rebenka-za-plohoe-povedenie.html;/otnosheniya/kak-nakazat-rebenka-za-plohoe-povedenie/
как заставить ребёнка учиться;otnosheniya;/seo/kak-zastavit-rebenka-uchit-sya.html;/otnosheniya/kak-zastavit-rebenka-uchit-sya/
как заставить ребёнка делать уроки;otnosheniya;/seo/kak-zastavit-rebenka-delat-uroki.html;/otnosheniya/kak-zastavit-rebenka-delat-uroki/
как отучить ребёнка от соски;otnosheniya;/seo/kak-otuchit-rebenka-ot-soski.html;/otnosheniya/kak-otuchit-rebenka-ot-soski/
как отучить ребёнка от груди;otnosheniya;/seo/kak-otuchit-rebenka-ot-grudi.html;/otnosheniya/kak-otuchit-rebenka-ot-grudi/
как выбрать школу для ребёнка;otnosheniya;/seo/kak-vybrat-shkolu-dlya-rebenka.html;/otnosheniya/kak-vybrat-shkolu-dlya-rebenka/
как выбрать кружок для ребёнка;otnosheniya;/seo/kak-vybrat-kruzhok-dlya-rebenka.html;/otnosheniya/kak-vybrat-kruzhok-dlya-rebenka/
как развивать речь ребёнка;otnosheniya;/seo/kak-razvivat-rech-rebenka.html;/otnosheniya/kak-razvivat-rech-rebenka/
как научить ребёнка читать;otnosheniya;/seo/kak-nauchit-rebenka-chitat.html;/otnosheniya/kak-nauchit-rebenka-chitat/
как научить ребёнка считать;otnosheniya;/seo/kak-nauchit-rebenka-schitat.html;/otnosheniya/kak-nauchit-rebenka-schitat/
как научить ребёнка писать;otnosheniya;/seo/kak-nauchit-rebenka-pisat.html;/otnosheniya/kak-nauchit-rebenka-pisat/
ребёнок не выговаривает буквы;otnosheniya;/seo/rebenok-ne-vygovarivaet-bukvy.html;/otnosheniya/rebenok-ne-vygovarivaet-bukvy/
как справиться с детской истерикой;otnosheniya;/seo/kak-spravit-sya-s-detskoy-isterikoy.html;/otnosheniya/kak-spravit-sya-s-detskoy-isterikoy/
как успокоить плачущего ребёнка;otnosheniya;/seo/kak-uspokoit-plachuschego-rebenka.html;/otnosheniya/kak-uspokoit-plachuschego-rebenka/
как уложить ребёнка спать;otnosheniya;/seo/kak-ulozhit-rebenka-spat.html;/otnosheniya/kak-ulozhit-rebenka-spat/
как ухаживать за новорождённым;otnosheniya;/seo/kak-uhazhivat-za-novorozhdennym.html;/otnosheniya/kak-uhazhivat-za-novorozhdennym/
как купать новорождённого;otnosheniya;/seo/kak-kupat-novorozhdennogo.html;/otnosheniya/kak-kupat-novorozhdennogo/
ребёнок часто болеет;otnosheniya;/seo/rebenok-chasto-boleet.html;/otnosheniya/rebenok-chasto-boleet/
как укрепить иммунитет ребёнка народными средствами;zdorove;/seo/kak-ukrepit-immunitet-rebenka-narodnymi-sredstvami.html;/zdorove/kak-ukrepit-immunitet-rebenka-narodnymi-sredstvami/
как лечить кашель у ребёнка;zdorove;/seo/kak-lechit-kashel-u-rebenka.html;/zdorove/kak-lechit-kashel-u-rebenka/
как лечить насморк у ребёнка;zdorove;/seo/kak-lechit-nasmork-u-rebenka.html;/zdorove/kak-lechit-nasmork-u-rebenka/
как лечить температуру у ребёнка;zdorove;/seo/kak-lechit-temperaturu-u-rebenka.html;/zdorove/kak-lechit-temperaturu-u-rebenka/
как сбить температуру у ребёнка;zdorove;/seo/kak-sbit-temperaturu-u-rebenka.html;/zdorove/kak-sbit-temperaturu-u-rebenka/
как помочь ребёнку при простуде;zdorove;/seo/kak-pomoch-rebenku-pri-prostude.html;/zdorove/kak-pomoch-rebenku-pri-prostude/
как укрепить здоровье ребёнка;zdorove;/seo/kak-ukrepit-zdorov-e-rebenka.html;/zdorove/kak-ukrepit-zdorov-e-rebenka/
как приучить ребёнка к порядку;otnosheniya;/seo/kak-priuchit-rebenka-k-poryadku.html;/otnosheniya/kak-priuchit-rebenka-k-poryadku/
как научить ребёнка убирать игрушки;otnosheniya;/seo/kak-nauchit-rebenka-ubirat-igrushki.html;/otnosheniya/kak-nauchit-rebenka-ubirat-igrushki/
болит голова;zdorove;/seo/bolit-golova.html;/zdorove/bolit-golova/
болит сердце;zdorove;/seo/bolit-serdtse.html;/zdorove/bolit-serdtse/
болит живот;zdorove;/seo/bolit-zhivot.html;/zdorove/bolit-zhivot/
Болит спина;zdorove;/seo/bolit-spina.html;/zdorove/bolit-spina/
Болит горло;zdorove;/seo/bolit-gorlo.html;/zdorove/bolit-gorlo/
температура;zdorove;/seo/temperatura.html;/zdorove/temperatura/
кашель;zdorove;/seo/kashel.html;/zdorove/kashel/
насморк;zdorove;/seo/nasmork.html;/zdorove/nasmork/
давление;zdorove;/seo/davlenie.html;/zdorove/davlenie/
тошнота;sovety;/seo/toshnota.html;/sovety/toshnota/
усталость;zdorove;/seo/ustalost.html;/zdorove/ustalost/
бессонница;zdorove;/seo/bessonnitsa.html;/zdorove/bessonnitsa/
тревога;sovety;/seo/trevoga.html;/sovety/trevoga/
стресс;sovety;/seo/stress.html;/sovety/stress/
как укрепить иммунитет;zdorove;/seo/kak-ukrepit-immunitet.html;/zdorove/kak-ukrepit-immunitet/
как лечить простуду;zdorove;/seo/kak-lechit-prostudu.html;/zdorove/kak-lechit-prostudu/
как быстро уснуть;zdorove;/seo/kak-bystro-usnut.html;/zdorove/kak-bystro-usnut/
как снять стресс;sovety;/seo/kak-snyat-stress.html;/sovety/kak-snyat-stress/
что делать при высоком давлении;zdorove;/seo/chto-delat-pri-vysokom-davlenii.html;/zdorove/chto-delat-pri-vysokom-davlenii/
что делать при головной боли;zdorove;/seo/chto-delat-pri-golovnoy-boli.html;/zdorove/chto-delat-pri-golovnoy-boli/
как избавиться от головной боли без таблеток;zdorove;/seo/kak-izbavit-sya-ot-golovnoy-boli-bez-tabletok.html;/zdorove/kak-izbavit-sya-ot-golovnoy-boli-bez-tabletok/
как снять головную боль;zdorove;/seo/kak-snyat-golovnuyu-bol.html;/zdorove/kak-snyat-golovnuyu-bol/
как поднять давление;zdorove;/seo/kak-podnyat-davlenie.html;/zdorove/kak-podnyat-davlenie/
как снизить давление;zdorove;/seo/kak-snizit-davlenie.html;/zdorove/kak-snizit-davlenie/
как улучшить зрение;zdorove;/seo/kak-uluchshit-zrenie.html;/zdorove/kak-uluchshit-zrenie/
как улучшить память;sovety;/seo/kak-uluchshit-pamyat.html;/sovety/kak-uluchshit-pamyat/
как избавиться от бессонницы;zdorove;/seo/kak-izbavit-sya-ot-bessonnitsy.html;/zdorove/kak-izbavit-sya-ot-bessonnitsy/
как справиться с тревогой;sovety;/seo/kak-spravit-sya-s-trevogoy.html;/sovety/kak-spravit-sya-s-trevogoy/
как справиться со стрессом;sovety;/seo/kak-spravit-sya-so-stressom.html;/sovety/kak-spravit-sya-so-stressom/
как успокоить нервную систему;sovety;/seo/kak-uspokoit-nervnuyu-sistemu.html;/sovety/kak-uspokoit-nervnuyu-sistemu/
как восстановить силы;sovety;/seo/kak-vosstanovit-sily.html;/sovety/kak-vosstanovit-sily/
как поднять иммунитет;zdorove;/seo/kak-podnyat-immunitet.html;/zdorove/kak-podnyat-immunitet/
как лечить кашель народными средствами;zdorove;/seo/kak-lechit-kashel-narodnymi-sredstvami.html;/zdorove/kak-lechit-kashel-narodnymi-sredstvami/
как лечить насморк народными средствами;zdorove;/seo/kak-lechit-nasmork-narodnymi-sredstvami.html;/zdorove/kak-lechit-nasmork-narodnymi-sredstvami/
как лечить простуду народными средствами;zdorove;/seo/kak-lechit-prostudu-narodnymi-sredstvami.html;/zdorove/kak-lechit-prostudu-narodnymi-sredstvami/
как вылечить простуду без лекарств;zdorove;/seo/kak-vylechit-prostudu-bez-lekarstv.html;/zdorove/kak-vylechit-prostudu-bez-lekarstv/
как укрепить здоровье;zdorove;/seo/kak-ukrepit-zdorov-e.html;/zdorove/kak-ukrepit-zdorov-e/
как повысить тонус;sovety;/seo/kak-povysit-tonus.html;/sovety/kak-povysit-tonus/
как избавиться от усталости;zdorove;/seo/kak-izbavit-sya-ot-ustalosti.html;/zdorove/kak-izbavit-sya-ot-ustalosti/
как быстро восстановиться после болезни;zdorove;/seo/kak-bystro-vosstanovit-sya-posle-bolezni.html;/zdorove/kak-bystro-vosstanovit-sya-posle-bolezni/
стоит ли переезжать в другой город;sovety;/seo/stoit-li-pereezzhat-v-drugoy-gorod.html;/sovety/stoit-li-pereezzhat-v-drugoy-gorod/
стоит ли уезжать за границу;sovety;/seo/stoit-li-uezzhat-za-granitsu.html;/sovety/stoit-li-uezzhat-za-granitsu/
как решиться на переезд;sovety;/seo/kak-reshit-sya-na-pereezd.html;/sovety/kak-reshit-sya-na-pereezd/
как пережить переезд;sovety;/seo/kak-perezhit-pereezd.html;/sovety/kak-perezhit-pereezd/
как адаптироваться на новом месте;sovety;/seo/kak-adaptirovat-sya-na-novom-meste.html;/sovety/kak-adaptirovat-sya-na-novom-meste/
стоит ли покупать квартиру;otnosheniya;/seo/stoit-li-pokupat-kvartiru.html;/otnosheniya/stoit-li-pokupat-kvartiru/
стоит ли продавать квартиру;sovety;/seo/stoit-li-prodavat-kvartiru.html;/sovety/stoit-li-prodavat-kvartiru/
как копить на мечту;dengi;/seo/kak-kopit-na-mechtu.html;/dengi/kak-kopit-na-mechtu/
как решиться на перемены;sovety;/seo/kak-reshit-sya-na-peremeny.html;/sovety/kak-reshit-sya-na-peremeny/
как принять важное решение;sovety;/seo/kak-prinyat-vazhnoe-reshenie.html;/sovety/kak-prinyat-vazhnoe-reshenie/
как не бояться перемен;sovety;/seo/kak-ne-boyat-sya-peremen.html;/sovety/kak-ne-boyat-sya-peremen/
как изменить жизнь;otnosheniya;/seo/kak-izmenit-zhizn.html;/otnosheniya/kak-izmenit-zhizn/
как начать новую жизнь;sovety;/seo/kak-nachat-novuyu-zhizn.html;/sovety/kak-nachat-novuyu-zhizn/
как ставить цели;sovety;/seo/kak-stavit-tseli.html;/sovety/kak-stavit-tseli/
как достигать целей;sovety;/seo/kak-dostigat-tseley.html;/sovety/kak-dostigat-tseley/
как верить в себя;sovety;/seo/kak-verit-v-sebya.html;/sovety/kak-verit-v-sebya/
как не бояться неудач;sovety;/seo/kak-ne-boyat-sya-neudach.html;/sovety/kak-ne-boyat-sya-neudach/
как получать удовольствие от жизни;sovety;/seo/kak-poluchat-udovol-stvie-ot-zhizni.html;/sovety/kak-poluchat-udovol-stvie-ot-zhizni/
как найти своё призвание;sovety;/seo/kak-nayti-svoe-prizvanie.html;/sovety/kak-nayti-svoe-prizvanie/
как принять сложное решение;sovety;/seo/kak-prinyat-slozhnoe-reshenie.html;/sovety/kak-prinyat-slozhnoe-reshenie/
как не ошибиться в выборе;sovety;/seo/kak-ne-oshibit-sya-v-vybore.html;/sovety/kak-ne-oshibit-sya-v-vybore/
как выбрать профессию;sovety;/seo/kak-vybrat-professiyu.html;/sovety/kak-vybrat-professiyu/
как сменить профессию;sovety;/seo/kak-smenit-professiyu.html;/sovety/kak-smenit-professiyu/
как открыть свой бизнес;dengi;/seo/kak-otkryt-svoy-biznes.html;/dengi/kak-otkryt-svoy-biznes/
как начать свой бизнес;dengi;/seo/kak-nachat-svoy-biznes.html;/dengi/kak-nachat-svoy-biznes/
как пережить финансовый кризис;dengi;/seo/kak-perezhit-finansovyy-krizis.html;/dengi/kak-perezhit-finansovyy-krizis/
как справиться с долгами;dengi;/seo/kak-spravit-sya-s-dolgami.html;/dengi/kak-spravit-sya-s-dolgami/
как выйти из долговой ямы;dengi;/seo/kak-vyyti-iz-dolgovoy-yamy.html;/dengi/kak-vyyti-iz-dolgovoy-yamy/
как пережить потерю работы;dengi;/seo/kak-perezhit-poteryu-raboty.html;/dengi/kak-perezhit-poteryu-raboty/
как найти работу по душе;dengi;/seo/kak-nayti-rabotu-po-dushe.html;/dengi/kak-nayti-rabotu-po-dushe/
как уволиться с работы;dengi;/seo/kak-uvolit-sya-s-raboty.html;/dengi/kak-uvolit-sya-s-raboty/
как пережить сокращение;sovety;/seo/kak-perezhit-sokraschenie.html;/sovety/kak-perezhit-sokraschenie/
как начать новую жизнь после развода;otnosheniya;/seo/kak-nachat-novuyu-zhizn-posle-razvoda.html;/otnosheniya/kak-nachat-novuyu-zhizn-posle-razvoda/
как пережить развод с мужем;otnosheniya;/seo/kak-perezhit-razvod-s-muzhem.html;/otnosheniya/kak-perezhit-razvod-s-muzhem/
как выйти из созависимых отношений;otnosheniya;/seo/kak-vyyti-iz-sozavisimyh-otnosheniy.html;/otnosheniya/kak-vyyti-iz-sozavisimyh-otnosheniy/
как избавиться от вредных привычек;sovety;/seo/kak-izbavit-sya-ot-vrednyh-privychek.html;/sovety/kak-izbavit-sya-ot-vrednyh-privychek/
как начать заниматься спортом;zdorove;/seo/kak-nachat-zanimat-sya-sportom.html;/zdorove/kak-nachat-zanimat-sya-sportom/
как найти время для себя;sovety;/seo/kak-nayti-vremya-dlya-sebya.html;/sovety/kak-nayti-vremya-dlya-sebya/
как совмещать работу и семью;dengi;/seo/kak-sovmeschat-rabotu-i-sem-yu.html;/dengi/kak-sovmeschat-rabotu-i-sem-yu/
как организовать свой день;sovety;/seo/kak-organizovat-svoy-den.html;/sovety/kak-organizovat-svoy-den/
как повысить продуктивность;sovety;/seo/kak-povysit-produktivnost.html;/sovety/kak-povysit-produktivnost/
как перестать прокрастинировать;sovety;/seo/kak-perestat-prokrastinirovat.html;/sovety/kak-perestat-prokrastinirovat/
как мотивировать себя на изменения;otnosheniya;/seo/kak-motivirovat-sebya-na-izmeneniya.html;/otnosheniya/kak-motivirovat-sebya-na-izmeneniya/
приметы про дом;primety;/seo/primety-pro-dom.html;/primety/primety-pro-dom/
приметы про погоду;primety;/seo/primety-pro-pogodu.html;/primety/primety-pro-pogodu/
как сделать уют в доме;sovety;/seo/kak-sdelat-uyut-v-dome.html;/sovety/kak-sdelat-uyut-v-dome/
как навести порядок;sovety;/seo/kak-navesti-poryadok.html;/sovety/kak-navesti-poryadok/
как выбрать матрас;sovety;/seo/kak-vybrat-matras.html;/sovety/kak-vybrat-matras/
как выбрать подушку;sovety;/seo/kak-vybrat-podushku.html;/sovety/kak-vybrat-podushku/
