Запрос;Готовый ответ
к чему чешется левая ладонь;Родная моя, как в старину говаривали: левая ладонь чешется к деньгам. И знаешь, что я тебе скажу: жди прибыли и не сомневайся.
к чему чешется правая ладонь;Доченька, люди знают: правая ладонь чешется к встрече. А я тебе так скажу: скоро увидишь того, кого ждёшь.
к чему чешется нос;Милая моя, в народе говорят: нос чешется к выпивке или к новостям. И вот что я думаю: жди вестей, хороших или не очень – посмотрим.
к чему чешется левый глаз;Родная моя, как бабушки ещё наши говорили: левый глаз чешется к слезам. Но я тебе так скажу: не верь плохому, может, и к радости.
к чему чешется правый глаз;Доченька, в народе сказывают: правый глаз – к встрече с приятным человеком. Запомни мои слова: готовься к радости.
к чему чешется левое ухо;Милая моя, так в народе ведётся: левое ухо – к сплетням. И знаешь, что я тебе скажу: не обращай внимания, пусть болтают.
к чему чешется правое ухо;Родная моя, мудрые люди заметили: правое ухо – к добрым словам. И вот что я думаю: жди приятного разговора.
к чему чешется левая грудь;Доченька, говорят: левая грудь чешется к печали. Но я тебе так скажу: может, и к хорошим переменам, не горюй.
к чему чешется правая грудь;Милая моя, в старину бабки знали: правая грудь – к радости. И знаешь, что я тебе скажу: скоро тебя ждёт приятное событие.
к чему чешется стопа;Родная моя, говорят: стопа чешется к дороге. И я тебе так скажу: собирайся в путь, если зовёт сердце.
к чему чешется ступня;Доченька, в народе говорят: ступня – к долгой дороге. И вот что я думаю: не бойся перемен, они к лучшему.
к чему чешется пятка;Милая моя, так жизнь учит: пятка чешется к деньгам. И ты запомни: это к прибыли, не сомневайся.
к чему чешется локоть;Родная моя, в народе так повелось: локоть – к неожиданным расходам. Но я верю, что ты справишься.
к чему чешется палец;Доченька, люди знают: палец чешется к мелким хлопотам. И я тебе так скажу: не переживай, всё пройдёт.
к чему чешется безымянный палец;Милая моя, старшие знают: безымянный палец – к подарку или к свиданию. Знаешь, что я думаю: приятные сюрпризы уже близко.
к чему чешется указательный палец;Родная моя, в народе сказывают: указательный – к важным делам. И я тебе скажу: будь внимательна, скоро решится вопрос.
к чему чешется средний палец;Доченька, так повелось: средний палец – к деньгам. И знаешь, что я тебе скажу: жди финансового успеха.
к чему чешется мизинец;Милая моя, в старину бабки знали: мизинец – к хлопотам, но небольшим. И ты запомни: они будут приятными.
к чему чешется большой палец;Родная моя, говорят: большой палец – к удаче. И я тебе так скажу: верь в себя, и всё получится.
к чему чешется запястье;Доченька, люди знают: запястье – к подарку. И вот что я думаю: скоро тебя порадуют.
к чему чешется подмышка;Милая моя, в народе говорят: подмышка – к ссоре. Но я тебе так скажу: не допусти её, будь мудрой.
к чему чешется живот;Родная моя, так жизнь учит: живот чешется к гостям. И я верю, что они придут с добром.
к чему чешется спина;Доченька, старшие знают: спина – к печали. Но ты не переживай, скоро всё наладится.
к чему чешется голова;Милая моя, в народе сказывают: голова – к раздумьям. И я тебе скажу: прислушайся к себе, и ты найдешь ответ.
к чему чешется шея;Родная моя, говорят: шея – к дороге. И я тебе так скажу: собирайся в путь, если чувствуешь зов.
к чему чешется лицо;Доченька, в старину бабки знали: лицо – к вестям. И знаешь, что я думаю: они будут хорошими.
к чему чешется бровь;Милая моя, так повелось: бровь – к встрече. И ты запомни: скоро увидишь дорогого человека.
к чему чешется ресница;Родная моя, люди знают: ресница – к свиданию. И я тебе так скажу: готовься к романтике.
к чему чешется левая нога;Доченька, в народе говорят: левая нога – к дороге. И я тебе скажу: путь будет добрым.
к чему чешется правая нога;Милая моя, так жизнь учит: правая нога – к гостям. И знаешь, что я думаю: они будут желанными.
к чему чешется колено;Родная моя, в старину бабки знали: колено – к дальней дороге. И я верю, что она принесёт тебе радость.
к чему чешется левый глаз у женщины;Доченька, люди знают: левый глаз у женщины – к слезам или к радости. Но я тебе так скажу: верь в лучшее.
к чему чешется правый глаз у женщины;Милая моя, говорят: правый глаз – к встрече. И я тебе скажу: готовься к приятному свиданию.
к чему чешется нос у женщины;Родная моя, в народе сказывают: нос – к вестям. И я верю, что они будут добрыми.
к чему чешется правая рука;Доченька, так повелось: правая рука – к деньгам или к встрече. И знаешь, что я думаю: и то, и другое – к добру.
к чему чешется левая рука;Милая моя, в старину бабки знали: левая рука – к деньгам. И я тебе так скажу: жди прибыли.
к чему чешется у женщины приметы;Доченька, все приметы у женщин – к переменам. И я тебе скажу: они будут к лучшему.
к чему чешутся брови;Милая моя, брови чешутся к встрече. И знаешь, что я думаю: скоро увидишь того, кто тебе дорог.
к чему чешутся уши;Родная моя, уши чешутся к новостям. И я верю, что они будут приятными.
к чему чешутся ладони;Доченька, ладони чешутся к деньгам. И я тебе так скажу: будь готова к прибыли.
к чему чешутся пальцы на руках;Милая моя, пальцы на руках – к мелким радостям. И знаешь, что я скажу: скоро они тебя порадуют.
к чему чешутся глаза у женщины;Родная моя, глаза чешутся к слезам или к смеху. Но я верю, что ты выберешь радость.
к чему чешутся губы;Доченька, губы чешутся к поцелую. И я тебе так скажу: скоро тебя ждёт нежность.
к чему чешутся соски;Милая моя, соски чешутся к кормлению или к нежности. И знаешь, что я думаю: это к добру.
к чему чешутся пятки;Родная моя, пятки чешутся к деньгам. И я тебе так скажу: жди прибыли.
к чему чешутся ступни;Доченька, ступни чешутся к дороге. И я верю, что она будет лёгкой.
к чему чешется левая пятка;Милая моя, левая пятка – к деньгам. И я тебе так скажу: это к прибыли.
к чему чешется правая пятка;Родная моя, правая пятка – к гостям. И знаешь, что я думаю: они будут желанными.
к чему чешется затылок;Доченька, затылок чешется к раздумьям. И я тебе скажу: прислушайся к себе, и ты найдёшь ответ.
примета если разбилась чашка;Милая моя, разбитая чашка – к счастью. И я тебе так скажу: пусть это будет началом нового хорошего.
примета если разбилась тарелка;Родная моя, разбитая тарелка – к счастью в доме. И знаешь, что я думаю: это к добру.
примета если разбился стакан;Доченька, разбитый стакан – к переменам. И я верю, что они будут к лучшему.
примета если упал нож;Милая моя, упал нож – к ссоре. Но ты не бойся, можно поднять и сказать «мир».
примета если рассыпалась соль;Родная моя, рассыпалась соль – к ссоре. Но ты можешь пересыпать через плечо и всё пройдёт.
примета если рассыпался сахар;Доченька, рассыпался сахар – к сладкой жизни. И я тебе так скажу: жди приятных сюрпризов.
примета если потерялась вещь;Милая моя, потеря – к приобретению. И знаешь, что я думаю: скоро найдёшь что-то лучшее.
примета если нашлась вещь;Родная моя, находка – к удаче. И я верю, что она принесёт тебе радость.
примета если треснуло зеркало;Доченька, треснуло зеркало – к беде, но говорят, можно обойтись, если выбросить.
примета если разбилось зеркало;Милая моя, разбитое зеркало – к семи годам неудач, но это суеверие. Главное – верь в хорошее.
примета если упало кольцо;Родная моя, упало кольцо – к переменам в отношениях. Береги любовь.
примета если скрипнула дверь;Доченька, скрип двери – к гостям или к вестям. Жди новостей.
примета если зазвенела посуда;Милая моя, звон посуды – к ссоре, но можно сказать «к счастью».
примета если упала вилка;Родная моя, упала вилка – к гостям. Жди прихода друзей.
примета если упала ложка;Доченька, упала ложка – к гостям. Жди голодных.
примета если чай остыл;Милая моя, остыл чай – к долгому разговору. Приготовься к душевной беседе.
примета если цветок засох;Родная моя, засох цветок – к беде, но можно пересадить и будет жить.
примета если одежда порвалась;Доченька, порвалась одежда – к прибыли. Жди обновки.
примета если пересолила еду;Милая моя, пересолила – к ссоре, но можно улыбнуться и сказать «мир».
примета если наступил в лужу;Родная моя, наступила в лужу – к деньгам. Хорошая примета.
примета если споткнулся;Доченька, споткнулась – к неудаче, но можно перешагнуть и не обращать внимания.
примета если чихнул;Милая моя, чих – к правде. Если до еды – к добру.
примета если икота;Родная моя, икота – к тому, что кто-то вспоминает. Хорошо или плохо – не знаю.
примета если упал;Доченька, упасть – к неприятностям, но быстро встать – к победе.
примета если упала икона;Милая моя, упала икона – к беде в доме. Помолись.
примета если встретил чёрную кошку;Родная моя, чёрная кошка – не беда, а испытание. Всё зависит от твоего настроя.
примета если перебежала дорогу кошка;Доченька, перебежала дорогу кошка – к неудаче, но можно плюнуть через левое плечо.
примета если собака воет;Милая моя, собака воет – к покойнику или к переменам. Но, может, просто скучает.
примета если птица залетела в дом;Родная моя, птица в доме – к новостям или к гостям. Открой окно, пусть летит.
примета если стучит птица в окно;Доченька, стучит птица – к вестям. Жди письма или звонка.
примета если ворона каркает;Милая моя, ворона каркает – к беде, но иногда просто так. Не верь плохому.
примета если сорока стрекочет;Родная моя, сорока – к гостям или к деньгам. Радуйся.
примета если синица залетела на балкон;Доченька, синица – к радости и к удаче. Хорошая примета.
примета если голубь сел на подоконник;Милая моя, голубь – к миру и покою в доме.
примета если паук спустился на паутине;Родная моя, паук – к письму или к деньгам. Хорошая примета.
примета если божья коровка села на руку;Доченька, божья коровка – к удаче. Загадай желание.
примета если паук в доме;Милая моя, паук в доме – к деньгам. Не убивай его.
примета если бабочка залетела в дом;Родная моя, бабочка – к радости и к счастью.
примета если ласточка залетела в дом;Доченька, ласточка – к удаче и к хорошим вестям.
примета если воробей залетел в дом;Милая моя, воробей – к гостям или к новостям.
примета если летучая мышь в доме;Родная моя, летучая мышь – к беде, но говорят, можно обойтись, если выпустить.
примета если синица залетела в окно;Доченька, синица в окно – к радости.
примета если голубь на окне;Милая моя, голубь на окне – к миру и покою.
примета если сорока прилетела;Родная моя, сорока – к гостям или к деньгам.
примета если ворона залетела;Доченька, ворона – к беде, но иногда просто так. Не верь плохому.
примета если паук спускается;Милая моя, паук спускается – к деньгам.
примета если пошёл дождь;Родная моя, дождь – к переменам, иногда к слезам, но после дождя всегда солнце.
примета если пошёл снег;Доченька, снег – к очищению, к новому началу.
примета если радуга;Милая моя, радуга – к радости, к исполнению желаний.
примета если туман;Родная моя, туман – к неопределённости, но скоро рассеется.
примета если ветер;Доченька, ветер – к переменам, иногда к ссорам. Будь гибкой.
примета если гром;Милая моя, гром – к великим событиям. Не бойся, грязь смоет.
примета если молния;Родная моя, молния – к озарению, к важному знаку.
примета если полнолуние;Доченька, полнолуние – к исполнению желаний.
примета если новолуние;Милая моя, новолуние – к новым начинаниям.
примета если звездопад;Родная моя, звездопад – к удаче, загадывай желание.
примета перед дорогой;Доченька, перед дорогой присядь на дорожку. Путь будет лёгким.
примета перед экзаменом;Милая моя, перед экзаменом не стригись, не меняй бельё. Удачи тебе.
примета перед свадьбой;Родная моя, перед свадьбой не смотрись в зеркало с невестой. Пусть будет счастливым брак.
примета на деньги;Доченька, деньги – к прибыли. Не выбрасывай найденную монетку.
примета на любовь;Милая моя, любовь – к встрече суженого. Смотри на знаки.
примета на удачу;Родная моя, удача – к везению. Верь в себя.
примета на здоровье;Доченька, здоровье – к долголетию. Береги себя.
примета на богатство;Милая моя, богатство – к прибыли, но не только в деньгах, а в душе.
деньги на улице примета;Родная моя, найти деньги на улице – к прибыли, но если подняла, потрать на доброе дело.
приметы на найденные деньги;Доченька, найденные деньги лучше не хранить, а отдать на благотворительность, чтобы не навлечь беду.
найти бумажные деньги на улице примета;Милая моя, бумажные деньги на улице – к большим переменам. Но будь осторожна, не бери чужие проблемы.
какие приметы на деньги;Родная моя, есть много примет на деньги: чешется ладонь, нашли монетку, увидели растущую луну. Главное – верить в удачу.
деньги на ночь примета;Доченька, не оставляй деньги на виду на ночь – к потерям. Спрячь их под подушку, чтобы сохранить.
нашла деньги на улице что делать приметы;Милая моя, если нашла деньги, лучше потрать их на что-то полезное или отдай нуждающимся. Не храни чужие деньги.
приметы на привлечение денег;Родная моя, чтобы привлечь деньги, держи кошелёк в порядке, не трать мелочь и ставь монетки кверху орлом.
приметы на счет денег;Доченька, считать деньги лучше утром, а не вечером – к прибыли. И не считай чужие.
приметы на деньги по дням;Милая моя, по дням недели: в понедельник – к расходам, во вторник – к прибыли, в среду – к неожиданным деньгам.
примета класть деньги на стол;Родная моя, не клади деньги на стол – к убыткам. Держи их в кошельке.
считать деньги на ночь примета;Доченька, считать деньги на ночь – к бедности. Лучше делать это днём.
приметы на возврат денег;Милая моя, чтобы вернуть долг, отдавай деньги утром и с добрыми мыслями.
деньги под скатертью на столе примета;Родная моя, положить деньги под скатерть – к богатству в доме. Это старая примета.
примета на деньги кошелек;Доченька, кошелёк должен быть красным или зелёным – к деньгам. Не храни в нём чеки и мусор.
приметы на деньги в долг;Милая моя, давать в долг лучше в первой половине дня, а брать – во второй. И никогда не давай в понедельник.
приметы на деньги как привлечь;Родная моя, привлечь деньги можно, если всегда носить с собой монетку с дырочкой или купюру, сложенную треугольником.
приметы на большие деньги;Доченька, большие деньги приходят к тем, кто не боится их тратить на нужное. Не жадничай.
красный трусы на люстре примета к деньгам;Милая моя, красные трусы на люстре – к деньгам, но это скорее шутка, чем серьёзная примета.
приметы на богатство и деньги в доме;Родная моя, чтобы в доме водились деньги, держи веник ручкой вверх и не выметай мусор вечером.
приметы на неделю когда можно отдавать деньги;Доченька, отдавай деньги в среду и четверг – к удаче. В понедельник и пятницу – нежелательно.
плохая примета ли сдавать деньги на ночь;Милая моя, сдавать деньги на ночь – к убыткам. Лучше отдай долг днём.
приметы на удачу на экзамене;Родная моя, перед экзаменом положи в обувь монетку и не стригись. Удачи тебе!
приметы перед экзаменом на удачу;Доченька, перед экзаменом не учи до утра – лучше выспись. И возьми с собой талисман.
приметы перед экзаменом на удачу студенту;Милая моя, студенту перед экзаменом можно положить под подушку учебник и съесть шоколадку для ясности ума.
какие приметы на удачу на экзамене;Родная моя, есть приметы: не мыть голову перед экзаменом, надевать счастливую рубашку, не говорить «сдать» – говори «получить».
удачи на егэ приметы;Доченька, перед ЕГЭ положи в карман пятак и не пересматривай билеты в последнюю минуту.
приметы на удачу на экзамене огэ;Милая моя, для ОГЭ важно выспаться и утром не ссориться. И возьми с собой маленькую иконку.
приметы на удачу в школу;Родная моя, чтобы в школе везло, носи с собой талисман – маленькую игрушку или камешек.
приметы перед экзаменом на удачу в школе;Доченька, перед контрольной пожуй лист лавра – это помогает вспомнить материал.
приметы на удачу на экзамене в колледже;Милая моя, в колледже перед экзаменом посиди на удачу и скажи: «Пойду на авось».
приметы на удачу на экзамене егэ;Родная моя, на ЕГЭ перед входом в класс скажи: «Я всё знаю, я всё сдам». И улыбнись.
приметы на удачу перед егэ;Доченька, перед ЕГЭ не ешь сладкое утром – это может отвлечь. Лучше съешь орехи для памяти.
приметы перед экзаменом на удачу егэ;Милая моя, перед ЕГЭ положи в карман шоколадку и не забудь взять с собой воду.
приметы перед экзаменом на удачу огэ;Родная моя, перед ОГЭ не забудь взять с собой талисман, который приносит тебе удачу.
удачи на работе приметы;Доченька, чтобы на работе везло, не опаздывай и носи с собой фигурку слона или подкову.
приметы перед экзаменом на удачу студенту медику;Милая моя, студенту-медику перед экзаменом можно съесть яблоко – это символ знаний.
приметы перед экзаменом на удачу в гибдд;Родная моя, перед экзаменом в ГИБДД не садись за руль в день экзамена и не говори «я не сдам».
приметы на удачу на экзамене по вождению;Доченька, перед экзаменом по вождению купи новый брелок или положи монетку под коврик.
приметы на удачу на соревнованиях;Милая моя, перед соревнованиями не надевай новую обувь – только ту, в которой уже тренировалась.
приметы на удачу на впр;Родная моя, перед ВПР почитай стихи или послушай спокойную музыку – это успокаивает.
приметы что положить в обувь на удачу;Доченька, положи в обувь монетку или сухой лист клевера – к удаче.
приметы перед соревнованиями на удачу;Милая моя, перед соревнованиями не переодевайся в новую форму – только ту, в которой уже побеждала.
приметы на удачу перед защитой диплома;Родная моя, перед защитой диплома надень счастливое кольцо и возьми с собой цветок.
по приметам дождь на удачу;Доченька, если перед важным делом пошёл дождь – это к удаче. Он смывает преграды.
упало перо птицы с неба примета;Милая моя, упало перо – к письму или к вестям. Это хороший знак.
приметы с пером птицы;Родная моя, найти перо на дороге – к удаче, а белое перо – к защите.
посуда с трещиной примета;Доченька, пользоваться треснутой посудой – к бедности. Лучше выброси.
к чему снится бывший муж;Родная моя, сон о бывшем муже — это не зов, а напоминание о пройденном. Знаешь, жизнь сама всё расставит по местам. Прислушайся к себе, и ты поймёшь, что всё к лучшему.
к чему снится покойник;Доченька, покойник во сне — к переменам. И вот что я тебе скажу: не бойся, это знак того, что скоро наступит новый этап в твоей жизни.
к чему снится умерший человек;Милая моя, умерший человек во сне — это предупреждение или совет. Прислушайся к своим ощущениям, и ты найдёшь ответ.
к чему снится умершая мама;Родная моя, умершая мама во сне — это знак защиты и любви. Она хочет тебя поддержать, не печалься.
к чему снится умерший отец;Доченька, умерший отец во сне — это символ мудрости и опоры. Он помогает тебе в трудную минуту, доверься ему.
к чему снится ребёнок;Милая моя, ребёнок во сне — к новым начинаниям и радости. Жди приятных событий.
к чему снится сын;Родная моя, сын во сне — к успеху или к тревоге. Смотри по сюжету, но в целом это хороший знак.
к чему снится дочь;Доченька, дочь во сне — к хорошим вестям и радости.
к чему снится беременность;Милая моя, беременность во сне — к новым идеям и творчеству. Начинай что-то новое.
к чему снится роды;Родная моя, роды во сне — к освобождению и завершению старого. Ты скоро избавишься от груза.
к чему снится младенец;Доченька, младенец во сне — к нежности и новым заботам. Но они будут приятными.
к чему снится свадьба;Милая моя, свадьба во сне — к единению и новому союзу. Возможно, ты встретишь человека.
к чему снится измена;Родная моя, измена во сне — к недоверию, но иногда к освобождению. Задумайся о своих чувствах.
к чему снится любовник;Доченька, любовник во сне — к страсти и новым чувствам. Но будь осторожна.
к чему снится подруга;Милая моя, подруга во сне — к совету и душевному разговору. Позвони ей.
к чему снится враг;Родная моя, враг во сне — к преодолению препятствий. Ты сильнее, чем думаешь.
к чему снится начальник;Доченька, начальник во сне — к карьерным переменам. Возможно, скоро повышение.
к чему снится коллега;Милая моя, коллега во сне — к совместной работе или соперничеству. Будь внимательна.
к чему снится смерть;Родная моя, смерть во сне — к трансформации и концу старого. Начинается что-то новое.
к чему снится похороны;Доченька, похороны во сне — к завершению какого-то периода. Отпусти прошлое.
к чему снится кладбище;Милая моя, кладбище во сне — к размышлениям о жизни и переосмыслению. Это время для себя.
к чему снится могила;Родная моя, могила во сне — к тайне и забытому. Возможно, ты что-то скрываешь.
к чему снится крест;Доченька, крест во сне — к защите и выбору пути. Доверься своей вере.
к чему снится кровь;Милая моя, кровь во сне — к силе и родовым связям. Вспомни о семье.
к чему снится авария;Родная моя, авария во сне — к крушению планов. Будь осторожна в делах.
к чему снится пожар;Доченька, пожар во сне — к очищению и сжиганию старого. Начни с чистого листа.
к чему снится наводнение;Милая моя, наводнение во сне — к потоку эмоций и переменам. Не бойся чувств.
к чему снится землетрясение;Родная моя, землетрясение во сне — к разрушению устоев и кризису. Всё наладится.
к чему снится война;Доченька, война во сне — к конфликтам и борьбе за место. Прояви мудрость.
к чему снится кошка;Милая моя, кошка во сне — к хитрости и женской интуиции. Доверься себе.
к чему снится собака;Родная моя, собака во сне — к верности и другу. Кто-то рядом с тобой.
к чему снится птица;Доченька, птица во сне — к свободе и новостям. Жди вестей.
к чему снится змея;Милая моя, змея во сне — к мудрости, опасности или исцелению. Будь бдительна.
к чему снится паук;Родная моя, паук во сне — к деньгам или запутанным делам. Разберись в своих мыслях.
к чему снится медведь;Доченька, медведь во сне — к силе и защите. Ты справишься.
к чему снится волк;Милая моя, волк во сне — к одиночеству или стае. Ищи поддержку.
к чему снится лиса;Родная моя, лиса во сне — к хитрости и обману. Будь осторожна с людьми.
к чему снится заяц;Доченька, заяц во сне — к трусости или быстроте. Не бойся перемен.
к чему снится мышь;Милая моя, мышь во сне — к суете и мелким хлопотам. Всё пройдёт.
к чему снится рыба;Родная моя, рыба во сне — к деньгам или к беременности. Смотри по контексту.
к чему снится тигр;Доченька, тигр во сне — к силе и страсти. Ты можешь больше, чем думаешь.
к чему снится лошадь;Милая моя, лошадь во сне — к труду и путешествию. Впереди дорога.
к чему снится золото;Родная моя, золото во сне — к богатству и ценности. Ты достойна лучшего.
к чему снится серебро;Доченька, серебро во сне — к чистоте и защите. Оно оберегает тебя.
к чему снится драгоценности;Милая моя, драгоценности во сне — к сокровищам и самооценке. Ты уникальна.
к чему снится кольцо;Родная моя, кольцо во сне — к обязательствам и союзу. Возможно, скоро свадьба.
к чему снится цепочка;Доченька, цепочка во сне — к связи с прошлым. Не забывай свои корни.
к чему снится деньги;Милая моя, деньги во сне — к процветанию и удаче. Жди финансового успеха.
к чему снится монета;Родная моя, монета во сне — к мелкой прибыли. Радуйся мелочам.
к чему снится клад;Доченька, клад во сне — к открытию и находке. Ты найдёшь то, что ищешь.
к чему снится потеря;Милая моя, потеря во сне — к освобождению. Отпусти то, что тяготит.
к чему снится находка;Родная моя, находка во сне — к удаче. Тебя ждёт приятный сюрприз.
к чему снится подарок;Доченька, подарок во сне — к приятному сюрпризу. Кто-то порадует тебя.
к чему снится разбитая посуда;Милая моя, разбитая посуда во сне — к ссоре или к счастью, смотри по ощущениям. Но чаще это к добру.
к чему снится зеркало;Родная моя, зеркало во сне — к отражению и самопознанию. Посмотри на себя со стороны.
к чему снится часы;Доченька, часы во сне — к течению времени и срокам. Не откладывай важное.
к чему снится радость;Милая моя, радость во сне — к хорошим новостям и счастью.
к чему снится счастье;Родная моя, счастье во сне — к гармонии и покою в душе.
к чему снится удача;Доченька, удача во сне — к успеху в делах.
к чему снится любовь;Милая моя, любовь во сне — к глубоким чувствам и романтике.
к чему снится ссора;Родная моя, ссора во сне — к конфликту, но его можно избежать.
к чему снится прощение;Доченька, прощение во сне — к облегчению и освобождению от обид.
к чему снится обида;Милая моя, обида во сне — к незажившей ране. Пора простить.
к чему снится страх;Родная моя, страх во сне — к преодолению. Ты сильнее своего страха.
к чему снится тревога;Доченька, тревога во сне — к неопределённости. Всё разрешится.
к чему снится надежда;Милая моя, надежда во сне — к светлому будущему.
к чему снится вера;Родная моя, вера во сне — к опоре и уверенности.
к чему снится кошмар;Доченька, кошмар во сне — к внутренним страхам. Поговори о них.
к чему снится вещий сон;Милая моя, вещий сон — к предчувствиям. Прислушайся к нему.
к чему снится муж;Доченька, муж во сне — к семейным делам и отношениям. Удели ему внимание.
к чему снится женщина;Милая моя, женщина во сне — к мудрости или соперничеству. Будь осторожна.
к чему снится мужчина;Родная моя, мужчина во сне — к силе и защите. Ищи поддержку у близких.
к чему снится человек;Доченька, человек во сне — к знакомству или к важному разговору.
к чему снится змея женщине;Милая моя, змея во сне для женщины — к мудрости и интуиции. Доверься ей.
к чему снится крыса женщине;Родная моя, крыса во сне для женщины — к мелким проблемам. Не обращай внимания.
к чему снится тараканы женщине;Доченька, тараканы во сне для женщины — к хлопотам и суете. Всё наладится.
к чему снится пауки женщине;Милая моя, пауки во сне для женщины — к деньгам или к интригам. Будь бдительна.
к чему снится мыши женщине;Родная моя, мыши во сне для женщины — к мелким заботам. Они быстро пройдут.
к чему снится много;Доченька, много во сне — к изобилию или к перегрузке. Найди баланс.
как помириться с мужем;Родная моя, мир да лад в доме — главное. Начни с улыбки, и он ответит. Поговори по душам, и всё наладится.
как наладить отношения с мужем;Милая моя, наладить отношения с мужем поможет разговор. Слушай его и говори о своих чувствах.
как вернуть мужа;Доченька, вернуть мужа можно через терпение и мудрость. Дай ему время и покажи свою любовь.
как пережить развод;Родная моя, развод — это больно, но время лечит. Доверься жизни, и всё наладится.
как пережить расставание;Доченька, расставание — это начало нового. Открой сердце для будущего.
стоит ли разводиться;Милая моя, это твой выбор. Прислушайся к себе и не торопись с решением.
стоит ли сохранять брак;Родная моя, брак — это труд. Если есть любовь, борись за него.
как простить измену;Доченька, прощение — это сила. Если сможешь простить, отпусти обиду, если нет — отпусти человека.
как понять, что муж изменяет;Милая моя, интуиция подскажет. Обрати внимание на его поведение, но не делай поспешных выводов.
как сказать мужу о разводе;Родная моя, скажи прямо, но без злобы. Будь честна и уважительна.
как укрепить брак;Доченька, укрепляйте брак доверием и обнимайтесь чаще. Мелочи творят чудеса.
как вернуть любовь;Милая моя, любовь возвращается через заботу и уважение. Начни с малого.
как пережить предательство;Родная моя, предательство — это боль, но ты справишься. Время и поддержка помогут.
как наладить отношения с подростком;Доченька, подросток как ёж — колючий снаружи. Слушай его и будь рядом.
как найти общий язык с дочерью;Милая моя, будь её подругой, а не судьёй. И она откроется тебе.
как найти общий язык с сыном;Родная моя, сын — это защитник. Уважай его мнение, и он ответит тем же.
как подружиться со свекровью;Доченька, свекровь — тоже женщина. Найди общие интересы и будь терпелива.
как наладить отношения с родителями;Родная моя, родители — это корни. Говори с ними, даже если сложно.
как простить родителей;Доченька, простить родителей — значит отпустить обиду. Это для тебя самой.
как справиться с одиночеством;Милая моя, одиночество — время для себя. Научись быть с собой, и мир откроется.
как найти вторую половинку;Родная моя, она придёт, когда ты будешь готова. Верь и жди.
как понять, что это твой человек;Доченька, сердце подскажет. Если рядом легко — это он.
как сделать первый шаг;Милая моя, первый шаг — смелость. Сделай его, если чувствуешь.
как признаться в любви;Родная моя, признание — это подарок. Скажи честно, и ты не пожалеешь.
как пережить первую любовь;Доченька, первая любовь — урок. Цени опыт и иди дальше.
как разлюбить человека;Милая моя, разлюбить нельзя, можно отпустить. Время лечит.
как забыть человека;Родная моя, забыть нельзя, но можно жить дальше. Сосредоточься на себе.
как перестать ревновать;Доченька, ревность — это страх. Работай над уверенностью в себе.
как вернуть доверие;Милая моя, доверие строится годами. Начни с малого, будь честна.
как укрепить доверие;Родная моя, укрепить доверие можно через открытость и поддержку.
как наладить общение в семье;Доченька, семейные вечера и разговоры — это важно. Уделяйте время друг другу.
как избежать ссор;Милая моя, терпи, слушай, иногда молчи. Мир в доме начинается с тебя.
как мириться после ссоры;Родная моя, обнимите друг друга и признайте ошибки. Это лечит.
как просить прощения;Доченька, просить прощения — это сила. Сделай это искренне.
как прощать обиды;Милая моя, прощай, чтобы быть свободной. Не носи тяжесть в сердце.
как не держать зла;Родная моя, зло разрушает тебя. Отпусти его.
как сохранить романтику в браке;Доченька, маленькие сюрпризы и ужины при свечах творят чудеса.
как пережить кризис в отношениях;Милая моя, кризис — точка роста. Пройдите его вместе, станьте сильнее.
как восстановить отношения;Родная моя, восстановление требует времени и желания. Будьте терпеливы.
как полюбить себя;Доченька, ты достойна любви. Начни с маленьких радостей для себя.
как поднять самооценку;Милая моя, ты уникальна. Поверь в себя и свои силы.
как принять себя;Родная моя, принять себя — значит жить в гармонии. Ты хороша такая, какая есть.
как радоваться жизни;Доченька, радуйся мелочам: солнцу, чаю, улыбке. Это и есть счастье.
как вернуть радость;Милая моя, радость внутри тебя. Найди её в простых вещах.
как быть счастливой;Родная моя, счастье — это быть собой. Не сравнивай себя с другими.
как жить в гармонии с собой;Доченька, слушай своё сердце и не предавай себя. Это путь к гармонии.
как помириться после ссоры;Милая моя, помириться после ссоры поможет искреннее «прости» и объятие.
как помириться с подругой;Родная моя, подруга — это сестра по духу. Поговори и забудьте обиды.
как помириться с мужчиной;Доченька, мужчина ценит уважение. Признай свою неправоту, если она есть.
как помириться с другом;Милая моя, друг — это опора. Скажи, что он важен для тебя.
как помириться с парнем;Доченька, парень ценит искренность. Скажи, что хочешь быть с ним.
как помириться с мамой;Милая моя, мама всегда простит. Обними её и скажи, что любишь.
как наладить отношения с мужем после ссоры;Родная моя, после ссоры важно не молчать. Поговорите и начните заново.
как вернуть мужа после развода;Милая моя, вернуть мужа после развода сложно, но возможно, если есть взаимное желание. Начните с дружбы.
как пережить измену мужа;Доченька, измена мужа — это предательство. Дай себе время выплакаться, а потом решай, как жить дальше.
как простить мужа за измену;Родная моя, простить мужа за измену можно, если он искренне раскаивается и ты готова отпустить обиду.
как укрепить отношения;Милая моя, укрепляйте отношения общими целями и уважением друг к другу.
как улучшить отношения;Родная моя, улучшить отношения можно через внимание и заботу. Удивляйте друг друга.
как наладить контакт с мужем;Доченька, контакт с мужем налаживается через искренние разговоры и совместное времяпрепровождение.
как понять, что мужчина любит;Родная моя, мужчина любит, если он заботится о тебе, уважает и готов быть рядом в трудные минуты.
ребёнок не слушается;Родная моя, дети — цветы жизни, и каждый распускается в свой срок. Наберись терпения, и он услышит тебя. Ты хорошая мама, ты справишься.
как наказать ребёнка;Доченька, не наказывать , а объяснять. Дети понимают, когда с ними говорят по душам. Ты найдёшь правильные слова.
как воспитать ребёнка;Милая моя, воспитывай любовью, а не страхом. Дети чувствуют твою заботу, даже если не показывают.
как наладить контакт с подростком;Родная моя, подросток как ёж — колючий снаружи, но внутри мягкий. Слушай его, не перебивай, будь другом.
ребёнок плохо учится;Доченька, школа — это не мерило ума, а мерило терпения. Поддерживай его, и он поверит в себя.
как помочь ребёнку с уроками;Милая моя, помогай, но не делай за него. Он должен учиться самостоятельности. Ты справишься.
ребёнок агрессивен;Родная моя, агрессия у ребёнка — это часто крик о помощи или способ справиться с переживаниями. Обними его, скажи, что ты рядом. Если агрессия повторяется часто, возможно, стоит показать ребёнка психологу — это не страшно, а наоборот, мудрый шаг. Ты хорошая мама, и вместе вы справитесь.
ребёнок плачет;Доченька, плач — способ выплеснуть горе. Позволь ему, просто будь рядом.
ребёнок истерит;Милая моя, истерика — это сигнал, что ребёнку трудно справиться с эмоциями. Сохраняй спокойствие, не кричи, просто побудь рядом. Обними, когда он успокоится. Твоё терпение и любовь — лучшее лекарство. Ты справишься.
как успокоить ребёнка;Родная моя, тишина, объятия, понимание — вот лучшие лекарства. Ты знаешь, как это сделать.
как объяснить ребёнку;Доченька, говори просто и честно. Дети ценят правду.
как развивать ребёнка;Милая моя, играйте, читайте, общайтесь. Это лучшее развитие.
как занять ребёнка;Родная моя, чтобы занять ребёнка, предложи ему что-то, что соответствует его возрасту и интересам: рисование, лепка, конструктор, чтение книг или даже помощь по дому. Главное — чтобы занятие было в радость и не вызывало скуки. Понаблюдай за ним, и ты увидишь, что ему нравится.
ребёнок ворует;Доченька, воровство — ошибка. Поговори по душам, выясни причину.
ребёнок обманывает;Милая моя, обман — от страха. Создай доверие, и он перестанет лгать.
ребёнок боится;Доченька, страх — это нормальная часть взросления. Побудь с ним рядом, обними, скажи, что ты защитишь его. Обсудите, чего он боится, и вместе придумайте, как можно справиться со страхом. Твоя поддержка — его главная опора.
ребёнок не говорит;Доченька, каждому своё время. Играйте, говорите, и он заговорит.
ребёнок плохо ест;Милая моя, не заставляй. Главное — настроение и спокойствие.
ребёнок не спит;Родная моя, сон — режим. Сказка и тишина помогут.
как приучить ребёнка к горшку;Доченька, терпение и ласка. Всё будет, не торопись.
как подготовить ребёнка к школе;Милая моя, готовь через игру, без стресса. Он справится.
как адаптировать ребёнка в школе;Родная моя, поддерживай, хвали. Это даст ему уверенность.
ребёнок не хочет идти в школу;Доченька, поговори, выясни причину. Может, ему нужна помощь.
ребёнок боится учителя;Милая моя, учитель — не враг. Объясни это ребёнку и поговори с учителем.
ребёнок не дружит с одноклассниками;Родная моя, помоги найти общий язык. Дружба начинается с доброты.
как научить ребёнка дружить;Милая моя, дружбе нельзя научить по команде, но можно помочь ребёнку развить навыки общения. Учи его делиться, слушать других, говорить «спасибо» и «пожалуйста». Хвали за попытки подружиться, даже если они не сразу удачны. Твоя вера в него поможет ему стать открытым и добрым.
как научить ребёнка защищаться;Милая моя, учи не бить, а словом защищаться. Это важнее.
как справиться с детскими страхами;Родная моя, обсуди, не смейся, успокой. Вместе вы победите страхи.
как укрепить иммунитет ребёнка;Доченька, прогулки, витамины, сон. Это основа здоровья.
как лечить простуду у ребёнка;Родная моя, когда ребёнок болеет, это всегда тревожно. Самое правильное — сразу показать его врачу. Только специалист может определить причину и назначить лечение. Береги малыша.
как наказать ребёнка за враньё;Родная моя, наказание — не главное. Объясни, почему честность важна.
как наказать ребёнка за плохое поведение;Доченька, наказывай делами, а не словами. Но главное — разговор.
как заставить ребёнка учиться;Милая моя, заставить нельзя, но можно заинтересовать. Найди его увлечения.
как заставить ребёнка делать уроки;Родная моя, сделай уроки игрой. Тогда они не будут в тягость.
как отучить ребёнка от соски;Доченька, отучай постепенно, заменяя на что-то другое. Будь терпелива.
как отучить ребёнка от груди;Милая моя, делай это мягко, без резких движений. Всему своё время.
как выбрать школу для ребёнка;Родная моя, выбирай школу по душе, а не по статусу. Главное — комфорт ребёнка.
как выбрать кружок для ребёнка;Доченька, слушай его желания. Пусть занимается тем, что нравится.
как развивать речь ребёнка;Милая моя, читайте, разговаривайте, пойте. Это лучший способ.
как научить ребёнка читать;Родная моя, начинай с игры и интереса. Тогда чтение станет удовольствием.
как научить ребёнка считать;Доченька, считайте всё вокруг — яблоки, ступеньки, машинки. Это легко.
как научить ребёнка писать;Милая моя, начни с рисования, потом буквы. Терпение и похвала.
ребёнок не выговаривает буквы;Родная моя, обратись к логопеду, но дома тоже занимайтесь играючи.
как справиться с детской истерикой;Доченька, оставайся спокойной, не поддавайся эмоциям. Обними, когда пройдёт.
как успокоить плачущего ребёнка;Милая моя, возьми на руки, покачай, спой песенку. Это утешает.
как уложить ребёнка спать;Родная моя, ритуал — сказка, купание, объятия. Повторяйте каждый день.
как ухаживать за новорождённым;Доченька, уход за новорождённым — это большое счастье и ответственность. Всё, что касается кормления, купания и режима, лучше обсудить с педиатром. Доверяй своей интуиции, но не стесняйся задавать вопросы врачу. Ты всё делаешь правильно, главное — любовь и забота.
как купать новорождённого;Милая моя, вода должна быть тёплой, а твои руки — нежными. Это приятно.
ребёнок часто болеет;Доченька, укрепляй иммунитет, но не паникуй. Болезни проходят.
как укрепить иммунитет ребёнка народными средствами;Милая моя, закаливание, травяные чаи, режим. Но консультируйся с педиатром.
как лечить кашель у ребёнка;Доченька, кашель у ребёнка — это сигнал, что пора к врачу. Не занимайся самолечением, доверься педиатру. Он подскажет, что делать. Ты хорошая мама, ты всё сделаешь правильно.
как лечить насморк у ребёнка;Милая моя, насморк кажется мелочью, но иногда он скрывает более серьёзное. Покажи ребёнка врачу, чтобы он оценил состояние. Здоровье малыша — это главное.
как лечить температуру у ребёнка;Родная моя, температура — это защитная реакция. Но решение о лечении должен принимать врач. Не рискуй — вызови педиатра. Береги своего ребёнка.
как сбить температуру у ребёнка;Доченька, сбивать температуру без врача нельзя. Только специалист может назначить безопасные препараты. Пока ждёшь врача, обеспечь ребёнку покой и обильное питьё.
как помочь ребёнку при простуде;Милая моя, при простуде ребёнка главное — не паниковать. Покажи его врачу, а сама просто будь рядом, успокаивай и создавай уют. Всё остальное — дело врача.
как укрепить здоровье ребёнка;Милая моя, спорт, свежий воздух, правильное питание. И твоя любовь.
как приучить ребёнка к порядку;Родная моя, начни с себя, будь примером. Хвали за старания.
как научить ребёнка убирать игрушки;Доченька, преврати это в игру. Соревнование, кто быстрее соберёт.
болит голова;Родная моя, головная боль — от усталости или переживаний. Отдохни, выпей чай, но если не проходит — обязательно обратись к врачу. Здоровье — это главное, и лучше не гадать, а провериться.
болит сердце;Доченька, сердце — это не шутки. Если болит, не тяни, сходи к кардиологу. Береги себя, ты у меня одна.
болит живот;Милая моя, живот может болеть от еды или от нервов. Прислушайся к себе, а если боль сильная — вызови врача. Не рискуй.
Болит спина;Родная моя, спина часто болит от усталости. Отдохни, сделай лёгкую разминку, но если боль не проходит — покажись врачу.
Болит горло;Доченька, боль в горле — это сигнал. Не занимайся самолечением, лучше сходи к врачу. Он поставит диагноз и назначит правильное лечение. Береги себя.
температура;Милая моя, температура — это защитная реакция организма. Не сбивай её без врача. Если температура высокая или держится долго, вызывай специалиста. Здоровье — это важно.
кашель;Родная моя, кашель бывает разным, и причин у него много. Не рискуй — сходи к врачу. Он определит причину и подберёт лечение. А пока просто отдыхай.
насморк;Доченька, насморк может быть безобидным, а может быть симптомом инфекции. Не откладывай визит к врачу. Он назначит правильное лечение. Не запускай здоровье.
давление;Милая моя, скачки давления — это повод для визита к врачу. Не занимайся самолечением. Проверься у специалиста, он подскажет, что делать.
тошнота;Родная моя, тошнота может быть от переедания или нервов, но иногда это симптом серьёзного. Если она повторяется, обязательно обратись к врачу. Береги себя.
усталость;Доченька, усталость — это сигнал организма. Отдохни, выспись, но если чувствуешь себя плохо — обратись к врачу.
бессонница;Доченька, бессонница изматывает. Не пытайся решить её таблетками без врача. Сходи к специалисту, он поможет найти причину и справиться с ней.
тревога;Родная моя, тревога — это ветер в душе. Дыши глубже, но если она становится навязчивой — не стесняйся обратиться к психологу.
стресс;Доченька, стресс — как волны. Они приходят и уходят. Но если он затянулся, сходи к специалисту. Ты не одна.
как укрепить иммунитет;Милая моя, иммунитет укрепляют закалка, хорошее настроение и витамины. Но если часто болеешь — проверься у врача.
как лечить простуду;Милая моя, простуду не лечат без врача. Если ты чувствуешь себя плохо, лучше вызови врача. Он подскажет, что делать. Отдыхай и не рискуй.
как быстро уснуть;Доченька, тёплое молоко, тишина и спокойствие помогут. Если не спится долго — врач может помочь.
как снять стресс;Милая моя, прогулка, музыка, тёплая ванна. Если стресс не уходит — обратись к психологу.
что делать при высоком давлении;Родная моя, высокое давление — это серьёзно. Не принимай никаких лекарств без назначения врача. Измерь давление, успокойся и вызывай специалиста.
что делать при головной боли;Доченька, головная боль может быть просто усталостью, а может быть симптомом. Если она часто повторяется, обязательно обратись к врачу. Не терпи.
как избавиться от головной боли без таблеток;Милая моя, без таблеток можно попробовать отдых, но если боль становится частой — это повод обратиться к врачу. Самолечение опасно. Береги себя.
как снять головную боль;Родная моя, при головной боли лучше прилечь и отдохнуть. Но если она сильная или не проходит — иди к врачу. Не рискуй своим здоровьем.
как поднять давление;Доченька, низкое давление может быть симптомом. Не пытайся поднять его самостоятельно. Обратись к врачу, он разберётся в причинах.
как снизить давление;Милая моя, высокое давление требует внимания врача. Не принимай лекарства без назначения. Вызывай врача и следуй его рекомендациям.
как улучшить зрение;Родная моя, зрение берегут прогулки, отдых для глаз и витамины. Если падает — проверься у окулиста.
как улучшить память;Доченька, память тренируют разгадыванием кроссвордов и обучением новому. Но если память ухудшается — обратись к неврологу.
как избавиться от бессонницы;Милая моя, ложись в одно время, проветривай комнату. Если бессонница длится долго — сходи к врачу.
как справиться с тревогой;Родная моя, разговаривай с близкими, дыши глубоко. Если тревога не отпускает — психолог поможет.
как справиться со стрессом;Доченька, справляйся через отдых и приятные дела. Если стресс мешает жить — обратись за помощью.
как успокоить нервную систему;Милая моя, медитация, прогулки, тёплая ванна. Если нервы шалят — врач подскажет.
как восстановить силы;Родная моя, сон, правильное питание и покой. Если усталость не проходит — проверь здоровье.
как поднять иммунитет;Доченька, закаляйся, спи, ешь овощи. Если часто болеешь — сходи к иммунологу.
как лечить кашель народными средствами;Родная моя, народные средства могут облегчить симптомы, но они не заменяют врача. Если кашель затянулся — сходи к врачу. Он назначит правильное лечение.
как лечить насморк народными средствами;Доченька, народные средства могут помочь, но если насморк не проходит — обратись к врачу. Не рискуй здоровьем.
как лечить простуду народными средствами;Милая моя, народные средства — это дополнение, а не основное лечение. Если простуда не проходит, вызывай врача. Здоровье важнее.
как вылечить простуду без лекарств;Родная моя, простуда часто проходит с отдыхом и теплом. Но если симптомы не проходят, обязательно обратись к врачу. Не занимайся самолечением.
как укрепить здоровье;Родная моя, здоровье укрепляют спорт, правильное питание и позитивный настрой. И регулярные проверки у врача.
как повысить тонус;Доченька, тонус повышают контрастный душ, зарядка и хороший сон. Если слабость долго не проходит — сходи к врачу.
как избавиться от усталости;Милая моя, усталость лечится отдыхом и сменой деятельности. Если она хроническая — обратись к врачу.
как быстро восстановиться после болезни;Родная моя, после болезни нужно время, витамины и хорошее питание. И обязательно наблюдайся у врача, чтобы избежать осложнений.
стоит ли переезжать в другой город;Родная моя, если сердце зовёт — поезжай. Новое место — новые возможности. Но хорошо подумай.
стоит ли уезжать за границу;Доченька, за границей не рай, но если рискнёшь — будет. Взвесь все за и против.
как решиться на переезд;Милая моя, переезд — шаг в неизвестность. Но он открывает новые горизонты.
как пережить переезд;Родная моя, новый дом — это начало. Ищи друзей и радуйся переменам.
как адаптироваться на новом месте;Доченька, адаптация — время. Найди людей по душе, и станет легче.
стоит ли покупать квартиру;Милая моя, покупка квартиры — это важный шаг. Если ты готова и финансы позволяют, не бойся действовать. Изучи рынок, посмотри несколько вариантов, посоветуйся с близкими. Всё получится, если подойти с умом.
стоит ли продавать квартиру;Родная моя, продать — значит отпустить. Если это нужно тебе — делай.
как копить на мечту;Доченька, копи по чуть-чуть, и мечта сбудется. Регулярность важна.
как решиться на перемены;Милая моя, перемены — это рост. Не бойся их, они к лучшему.
как принять важное решение;Родная моя, утро вечера мудренее. Поспи и реши с новыми силами.
как не бояться перемен;Доченька, страх — это топливо для роста. Иди вперёд.
как изменить жизнь;Милая моя, жизнь меняют маленькими шагами. Начни с одного действия.
как начать новую жизнь;Родная моя, новая жизнь начинается с мысли. Сделай первый шаг.
как ставить цели;Доченька, большие цели лучше разбивать на маленькие шаги. Напиши план, что будешь делать каждый день, чтобы приблизиться к мечте. Так легче двигаться и не терять мотивацию. Каждый маленький успех — это шаг к большой победе.
как достигать целей;Милая моя, шаг за шагом, и ты придёшь к цели. Не сдавайся.
как верить в себя;Милая моя, вера в себя начинается с маленьких побед. Вспоминай свои достижения, даже самые скромные. Окружай себя поддерживающими людьми. Ты сильнее, чем думаешь. Просто поверь в это.
как не бояться неудач;Доченька, неудачи — уроки. Они делают тебя мудрее.
как получать удовольствие от жизни;Родная моя, удовольствие от жизни — в мелочах: в утреннем солнце, чашке кофе, улыбке ребёнка. Найди время для хобби, прогулок, общения с близкими. Радуйся тому, что у тебя есть, и жизнь ответит взаимностью.
как найти своё призвание;Родная моя, призвание — в сердце. Слушай его.
как жить в гармонии с собой;Доченька, гармония с собой — это когда ты принимаешь себя со всеми достоинствами и недостатками. Не сравнивай себя с другими, слушай своё сердце, делай то, что приносит радость. Будь собой, и мир примет тебя такой, какая ты есть.
как принять сложное решение;Милая моя, сложное решение требует времени и взвешенности. Запиши все «за» и «против», обсуди с близким человеком, дай себе день-два на размышление. Утро вечера мудренее — не торопись, и правильный ответ придёт сам.
как не ошибиться в выборе;Родная моя, ошибаться не страшно. Всё к лучшему.
как выбрать профессию;Доченька, выбирай профессию по душе, а не по деньгам. Счастье важнее.
как сменить профессию;Милая моя, сменить профессию можно в любом возрасте. Начни учиться новому.
как открыть свой бизнес;Родная моя, бизнес начинается с идеи и плана. Не бойся трудностей.
как начать свой бизнес;Доченька, начало бизнеса начинается с идеи, а затем с плана. Напиши подробный бизнес-план: что будешь делать, для кого, как продавать. Изучи рынок, проконсультируйся с экспертами. Постепенно, шаг за шагом, ты придёшь к успеху.
как пережить финансовый кризис;Милая моя, кризис — время экономии и новых идей. Ты справишься.
как справиться с долгами;Родная моя, долги отдавай постепенно, планируй бюджет. Не паникуй.
как выйти из долговой ямы;Доченька, составь план и следуй ему. Экономия и дисциплина помогут.
как пережить потерю работы;Милая моя, потеря работы — не конец. Это шанс найти лучшее.
как найти работу по душе;Родная моя, ищи работу, которая приносит радость. Это возможно.
как уволиться с работы;Доченька, увольняйся спокойно, без скандалов. Впереди новое.
как пережить сокращение;Милая моя, сокращение — это вызов. Ты найдёшь новый путь.
как начать новую жизнь после развода;Родная моя, новая жизнь после развода — это свобода. Откройся миру.
как пережить развод с мужем;Доченька, развод с мужем — это боль, но ты справишься. Время лечит.
как выйти из созависимых отношений;Родная моя, выйти из созависимости сложно, но возможно. Начни с осознания.
как избавиться от вредных привычек;Доченька, привычки меняются постепенно. Замени их на полезные.
как начать заниматься спортом;Милая моя, начни с утренней зарядки, не перегружайся. Маленькие шаги.
как найти время для себя;Родная моя, время для себя можно найти, если выделить хотя бы 15–30 минут в день, когда ты принадлежишь только себе. Пусть это будет чтение, ванна, прогулка или просто тишина. Ты имеешь право на отдых.
как совмещать работу и семью;Доченька, совмещать сложно, но можно. Планируй и делегируй.
как организовать свой день;Милая моя, планируй день с вечера, расставляй приоритеты. Не перегружайся.
как повысить продуктивность;Родная моя, продуктивность повышают режим и отдых. Не работай без передышки.
как перестать прокрастинировать;Доченька, начни с малого, используй таймер. Главное — сделать первый шаг.
как мотивировать себя на изменения;Милая моя, мотивация — в твоей мечте. Вспоминай о ней каждый день.
приметы про дом;Родная моя, дом — это наша крепость. Если упала икона — это не беда, а знак беречь семью.
приметы про погоду;Доченька, погода по приметам: дождь к переменам, радуга к радости.
как сделать уют в доме;Доченька, уют — это не вещи, а тепло. Зажги свечу, и дом сразу станет родным.
как навести порядок;Милая моя, порядок начинается с малого. Разбери одну полку, а завтра другую.
как выбрать матрас;Родная моя, матрас выбирают по жёсткости и наполнителю. Лучше полежать на нём в магазине, чтобы проверить удобство.
как выбрать подушку;Доченька, подушка должна быть удобной для шеи. Ортопедическая — хороший выбор для здоровья.